Name,Gender,Age,Relationship status,Height cm,Weight kg,Joined year,Joined date,Subscribers,Videos views,Profile Views,Model rank,Public videos,Paid videos,,,Gender,Count of Name,,Gender,Sum of Public videos,Sum of Paid videos
Mini Diva,Female,26,Single,167,50,2019,2/17/2019,"820,000","364,041,175","59,460,751",1,65,7,,,Couple,379,,Couple,29302,5414
yinyleon,Couple,36,Taken,,,2020,2/17/2020,"586,000","510,938,330","67,129,229",2,140,1,,,Female,513,,Female,39463,14737
Crystal Lust,Female,24,Taken,157,,2020,2/17/2020,"433,000","346,726,146","50,243,658",4,104,69,,,Group,1,,Group,56,280
Solazola,Couple,21,Taken,172,50,2019,2/17/2019,"748,000","234,093,027","56,041,576",5,50,14,,,Male,99,,Male,15604,1026
DickForLily,Couple,22,Taken,170,53,2019,2/17/2019,"596,000","357,380,610","44,344,938",7,175,23,,,Non-Binary,3,,Non-Binary,32,88
Reislin,Female,20,Taken,162,49,2019,2/17/2019,"1,000,000","583,379,162","54,400,775",6,44,67,,,Other,2,,Other,55,46
Shaiden Rogue,Female,19,Single,177,,2020,2/17/2020,"479,000","166,318,818","43,243,767",8,36,10,,,Trans Man,1,,Trans Man,35,14
Purple Bitch,Female,24,Taken,162,45,2018,2/17/2018,"686,000","128,950,913","23,373,021",9,562,145,,,Trans Woman,2,,Trans Woman,29,14
BigTittyGothEgg,Female,21,Single,,,2020,7/17/2020,"243,000","54,648,200","21,206,382",10,29,,,,,,,,,
NatashaNice,Female,32,Single,,,2017,2/17/2017,"134,000","4,157,431","17,742,132",,7,,,,Age,Sum of Videos views,,Age,Sum of Public videos,
MihaNika69,Couple,21,Open,165,50,2020,2/17/2020,"506,000","168,522,436","31,839,846",13,80,1,,,18,"231,232,873",,18,1007,
misslexa,Female,27,Open,,,2020,2/17/2020,"490,000","306,285,573","38,700,313",11,130,165,,,19,"1,605,709,108",,19,4247,
NoFaceGirl,Couple,22,Taken,167,54,2019,2/17/2019,"508,000","164,135,998","27,154,342",14,128,27,,,20,"1,870,384,997",,20,5705,
MollyRedWolf,Female,23,Open,170,63,2018,2/17/2018,"395,000","66,679,423","13,393,122",15,75,38,,,21,"2,294,608,292",,21,5061,
Amadani,Couple,28,Taken,157,50,2017,2/17/2017,"460,000","305,379,256","26,053,012",16,119,,,,22,"2,497,144,429",,22,5751,
martinasmith1,Female,27,Single,,,2020,2/17/2020,"134,000","849,483","13,595,372",23,,2,,,23,"2,462,823,279",,23,4846,
Hot Mommy,Couple,34,Taken,165,59,2020,2/17/2020,"83,100","67,864,225","7,292,017",22,45,1,,,24,"2,082,541,735",,24,5867,
Morgpie,Female,19,Taken,170,59,2020,2/17/2020,"272,000","89,465,146","14,089,972",17,111,44,,,25,"1,835,387,256",,25,5925,
Eva Veil,Couple,20,Taken,162,50,2020,2/17/2020,"295,000","89,985,341","20,949,669",18,20,3,,,26,"1,659,795,968",,26,3391,
Luna Okko,Female,26,Taken,157,40,2020,4/17/2020,"331,000","34,099,545","14,019,593",20,11,1,,,27,"1,858,349,883",,27,4961,
Diana Daniels,Couple,23,Taken,165,49,2019,2/17/2019,"339,000","79,918,715","17,125,210",21,50,3,,,28,"1,386,648,739",,28,3322,
LuxuryGirl,Female,27,Single,170,56,2019,2/17/2019,"621,000","330,703,280","56,998,507",19,100,25,,,,,,29,3752,
BrandiBraids,Female,23,Taken,,,2020,8/17/2020,"131,000","32,766,198","6,576,272",27,66,41,,,,,,30,3292,
GuessWhoX2,Couple,22,Taken,157,50,2020,2/17/2020,"227,000","89,261,129","16,026,586",24,27,6,,,,,,31,5270,
sextwoo,Female,29,Taken,160,51,2018,2/17/2018,"235,000","178,192,303","16,206,182",26,137,61,,,,,,,,
Vic Alouqua,Female,25,Taken,172,65,2017,2/17/2017,"234,000","127,893,878","15,273,882",28,183,,,,,,,Relationship,Sum of Paid videos,Sum of Public videos
Hansel Grettel,Couple,23,Taken,175,57,2020,2/17/2020,"209,000","92,614,000","15,295,371",29,36,12,,,,,,Open,5365,18686
ISLA SUMMER,Couple,23,Taken,162,57,2020,2/17/2020,"202,000","91,253,315","19,635,384",30,44,2,,,,,,Single,8333,29405
Kriss Kiss,Female,25,Single,152,,2018,2/17/2018,"298,000","87,531,863","11,470,081",31,74,84,,,,,,Taken,7921,36485
THESTARTOFUS,Couple,20,Taken,,,2020,5/17/2020,"107,000","51,725,695","7,290,454",32,32,7,,,,,,,,
littlebuffbabe,Female,22,Taken,152,57,2018,2/17/2018,"284,000","122,077,422","20,177,589",25,63,18,,,,,,,,
DeLuXeGirL,Couple,22,Single,170,53,2020,2/17/2020,"337,000","128,906,180","18,338,260",33,118,50,,,,,,,,
TEAMSTEE,Couple,33,Taken,,,2020,2/17/2020,"126,000","90,397,245","9,298,458",37,54,2,,,,,,,,
SecretCrush,Couple,25,Taken,162,54,2018,2/17/2018,"284,000","92,040,496","14,901,069",35,66,58,,,,,,,,
Egg2025,Couple,28,Taken,162,66,2019,2/17/2019,"247,000","158,015,422","15,620,630",39,70,7,,,,,,,,
Charming Milana,Female,20,Single,,,2021,1/17/2021,"53,900","29,845,543","3,407,150",38,52,,,,,,,,,
MrPussyLicking,Couple,25,Taken,,,2020,2/17/2020,"99,200","74,802,091","6,397,036",42,82,18,,,,,,,,
Nyna Ferragni,Couple,23,Taken,160,43,2017,2/17/2017,"261,000","184,483,283","17,214,814",41,128,42,,,,,,,,
Sweet Bunny,Couple,23,Taken,170,55,2019,2/17/2019,"207,000","115,151,723","10,199,643",40,130,145,,,,,,,,
Miss Impulse,Couple,22,Taken,162,55,2019,2/17/2019,"274,000","106,449,655","12,984,936",43,40,9,,,,,,,,
Chessie Rae,Female,21,Taken,,,2019,2/17/2019,"434,000","87,601,779","18,432,455",46,22,10,,,,,,,,
Britni kitten,Female,18,Taken,157,45,2020,6/17/2020,"99,400","25,507,021","7,383,531",53,19,,,,,,,,,
Kate Marley,Female,28,Open,172,57,2020,6/17/2020,"73,000","40,406,398","5,428,694",49,55,,,,,,,,,
siswet,Female,25,Single,177,41,2017,2/17/2017,"172,000","124,239,623","8,958,258",44,641,13,,,,,,,,
ADOLFxNIKA,Couple,19,Open,157,39,2020,2/17/2020,"223,000","81,864,587","9,641,381",48,58,2,,,,,,,,
Shinaryen,Couple,20,Single,170,45,2017,2/17/2017,"297,000","82,234,848","8,162,082",45,102,38,,,,,,,,
kisankanna,Female,25,Open,162,55,2019,2/17/2019,"161,000","62,017,468","11,295,475",47,99,1,,,,,,,,
Tessa Winters,Female,22,Single,,,2019,2/17/2019,"156,000","27,945,203","8,202,092",51,75,49,,,,,,,,
semulv,Couple,22,Open,172,52,2020,2/17/2020,"212,000","69,801,115","11,759,447",50,22,,,,,,,,,
German Scout,Male,38,Single,,,2019,2/17/2019,"59,100","72,502,392","5,610,502",52,216,250,,,,,,,,
Tinna Angel,Female,24,Open,160,45,2018,2/17/2018,"419,000","206,952,189","12,835,806",54,71,25,,,,,,,,
Belleniko,Female,20,Open,157,43,2019,2/17/2019,"164,000","52,637,890","8,845,648",55,59,2,,,,,,,,
Molly Pills,Female,25,Taken,165,57,2019,2/17/2019,"156,000","26,478,515","5,809,268",57,80,73,,,,,,,,
Spring Blooms,Couple,19,Taken,170,52,2020,2/17/2020,"269,000","80,360,821","12,222,970",58,73,27,,,,,,,,
Teacher of Magic,Female,40,Open,170,71,2017,2/17/2017,"410,000","373,037,393","20,677,179",56,230,7,,,,,,,,
evexadam,Female,22,Open,167,46,2019,2/17/2019,"310,000","125,013,462","11,175,411",61,135,1,,,,,,,,
BehindTheMaskk,Female,24,Taken,172,,2018,2/17/2018,"348,000","279,393,504","13,184,152",59,284,96,,,,,,,,
SladkiSlivki,Couple,22,Open,,,2020,2/17/2020,"237,000","75,859,092","13,543,719",64,69,1,,,,,,,,
LianaGood,Couple,26,Taken,172,56,2020,2/17/2020,"124,000","71,657,488","9,616,671",63,115,2,,,,,,,,
Dollscult,Couple,21,Taken,,,2020,2/17/2020,"67,600","26,943,696","4,713,732",66,155,24,,,,,,,,
babiqueen,Couple,21,Taken,,,2020,7/17/2020,"49,900","14,562,622","3,180,337",74,13,1,,,,,,,,
FuckForeverEver,Couple,22,Taken,165,55,2020,2/17/2020,"130,000","63,255,379","6,890,756",69,69,1,,,,,,,,
Paige Steele,Female,24,Taken,,,2019,2/17/2019,"83,700","37,927,862","5,172,056",68,168,134,,,,,,,,
Trish Collins,Female,28,Taken,165,54,2018,2/17/2018,"157,000","62,617,882","7,611,350",67,136,92,,,,,,,,
Mia Bandini,Couple,22,Taken,165,52,2018,2/17/2018,"233,000","93,686,101","9,255,910",65,113,56,,,,,,,,
Ellie Leen,Female,23,Single,167,51,2019,2/17/2019,"88,900","12,597,935","3,666,940",70,14,,,,,,,,,
planesgirl,Couple,21,Taken,162,,2018,2/17/2018,"168,000","83,400,426","11,091,664",71,36,1,,,,,,,,
Freya Stein,Couple,19,Taken,165,45,2019,2/17/2019,"273,000","59,598,139","11,691,689",72,39,8,,,,,,,,
kinkycouple111,Couple,23,Taken,170,57,2018,2/17/2018,"451,000","337,467,228","21,224,382",73,124,77,,,,,,,,
Violet Moreau,Female,,Taken,,,2020,2/17/2020,"220,000","54,696,624","10,742,320",76,66,,,,,,,,,
TokyoDiary,Couple,20,Taken,165,52,2020,2/17/2020,"216,000","24,509,093","7,014,531",75,8,2,,,,,,,,
Porn Force,Group,19,Open,,,2020,2/17/2020,"135,000","183,202,259","10,847,244",77,56,280,,,,,,,,
SexHeroine,Couple,19,Open,175,59,2020,2/17/2020,"157,000","57,368,390","6,799,581",81,54,2,,,,,,,,
GrabFuck,Couple,19,Taken,162,55,2020,2/17/2020,"38,800","28,788,692","2,314,387",78,23,4,,,,,,,,
Katekuray,Female,20,Open,170,54,2020,2/17/2020,"184,000","35,894,199","9,660,572",80,60,48,,,,,,,,
xiao e,Female,22,Single,170,49,2020,2/17/2020,"304,000","16,172,996","6,918,384",79,15,7,,,,,,,,
Marcelin Abadir,Couple,24,Open,160,47,2019,2/17/2019,"304,000","83,836,191","10,728,414",83,45,15,,,,,,,,
Mia Queen,Female,21,Taken,157,50,2018,2/17/2018,"316,000","289,449,256","10,768,352",82,137,6,,,,,,,,
Leah Meow,Female,24,Open,162,45,2019,2/17/2019,"140,000","28,914,438","4,839,085",84,22,22,,,,,,,,
Kaori7dominick,Female,100,Open,177,34,2020,3/17/2020,"54,500","35,672,508","4,147,455",87,21,2,,,,,,,,
fablazed,Female,25,Taken,157,55,2020,2/17/2020,"59,700","17,217,222","4,106,123",85,86,37,,,,,,,,
SukiSukiGirl,Female,21,Taken,,,2019,2/17/2019,"133,000","45,418,473","6,651,498",94,128,64,,,,,,,,
RosieAndAlena,Couple,26,Open,,,2018,2/17/2018,"162,000","164,374,165","10,149,801",89,137,,,,,,,,,
Latika Jha,Female,22,Single,,,2020,7/17/2020,"66,200","17,320,876","4,994,604",88,10,12,,,,,,,,
EnMarcheNoire,Female,21,Open,,,2018,2/17/2018,"98,500","47,422,975","7,654,314",99,41,1,,,,,,,,
EllaKai,Couple,22,Taken,162,54,2020,2/17/2020,"147,000","19,418,665","8,678,119",92,41,3,,,,,,,,
CarryLight,Female,23,Single,,,2018,2/17/2018,"488,000","450,897,387","15,968,074",93,158,1,,,,,,,,
Jollapr,Female,31,Open,152,54,2019,2/17/2019,"86,200","77,032,155","7,741,526",90,82,11,,,,,,,,
Candy Love,Couple,20,Open,160,50,2020,2/17/2020,"122,000","37,473,789","3,856,718",96,99,43,,,,,,,,
Lana Emotional,Couple,22,Taken,162,46,2020,2/17/2020,"129,000","22,406,652","5,034,960",100,23,,,,,,,,,
Chinese Femdom,Couple,22,Open,167,50,2020,2/17/2020,"23,900","848,940","872,415",91,27,61,,,,,,,,
Projekt Melody,Female,20,Single,,,2020,4/17/2020,"57,600","4,720,760","2,335,563",98,107,,,,,,,,,
MissBNasty,Female,18,Single,,,2020,2/17/2020,"79,100","22,091,405","5,059,222",102,62,69,,,,,,,,
Julie Jess,Couple,19,Single,175,,2020,6/17/2020,"72,200","14,707,761","2,482,189",97,78,2,,,,,,,,
TinyTaya,Female,19,Taken,,,2020,2/17/2020,"109,000","21,973,549","4,992,762",103,44,7,,,,,,,,
The Sex Creator,Female,19,Single,165,,2020,2/17/2020,"67,000","29,967,728","2,459,440",105,80,19,,,,,,,,
BadDragonSlayer,Female,22,Single,,,2020,2/17/2020,"114,000","23,971,815","3,687,203",101,27,19,,,,,,,,
Kaedia Lang,Female,26,Taken,,,2019,2/17/2019,"53,100","11,769,865","4,617,632",104,19,128,,,,,,,,
GentlyPerv,Male,36,Single,,,2019,2/17/2019,"34,300","48,168,975","5,178,836",106,34,,,,,,,,,
TheMagicMuffin,Female,27,Taken,,,2019,2/17/2019,"264,000","158,681,287","14,548,663",107,83,,,,,,,,,
Sweetie_Fox,Female,19,Open,165,57,2020,2/17/2020,"376,000","85,193,600","12,873,229",86,117,83,,,,,,,,
ArrestMe,Couple,21,Taken,172,47,2019,2/17/2019,"193,000","92,829,937","8,247,499",109,98,4,,,,,,,,
bradham8,Couple,23,Taken,177,75,2020,2/17/2020,"110,000","61,563,421","11,584,713",119,15,,,,,,,,,
Red Fox,Female,26,Taken,165,43,2019,2/17/2019,"137,000","27,260,517","5,072,319",108,98,61,,,,,,,,
lolly_lips,Couple,20,Taken,,,2020,2/17/2020,"451,000","184,025,978","25,432,222",95,124,30,,,,,,,,
BlondeAdobo,Couple,18,Taken,170,,2019,2/17/2019,"72,500","25,364,505","4,325,470",110,26,,,,,,,,,
NemiBDesire,Couple,25,Taken,165,52,2016,2/17/2016,"54,800","48,162,870","5,290,848",112,147,,,,,,,,,
Fella The Turn Up Monster,Male,27,Single,190,70,2019,2/17/2019,"84,300","117,623,128","7,478,807",113,255,,,,,,,,,
Sisters Green,Couple,19,Open,,,2020,2/17/2020,"72,600","22,210,252","2,676,596",211,64,12,,,,,,,,
Little Tina,Couple,19,Single,,,2020,3/17/2020,"43,600","15,308,853","3,062,775",116,16,4,,,,,,,,
SparksGoWild,Couple,35,Open,,,2019,2/17/2019,"99,000","52,274,543","6,537,000",114,97,23,,,,,,,,
LittleOralAndie,Female,28,Open,154,57,2017,2/17/2017,"310,000","298,025,272","15,992,030",111,167,,,,,,,,,
Ivy Skye,Couple,20,Taken,165,50,2020,4/17/2020,"48,400","48,902,008","1,809,094",129,47,6,,,,,,,,
jerk2porn,Male,31,Open,195,10,2018,2/17/2018,"19,300","34,254,776","2,409,018",115,450,,,,,,,,,
Agatha Dolly,Female,28,Single,157,54,2019,2/17/2019,"37,200","10,944,478","2,289,936",117,138,15,,,,,,,,
ambiiyah,Female,20,Single,,,2020,10/17/2020,"5,900","473,235","748,226",118,4,2,,,,,,,,
Alessa Shine,Female,20,Single,,,2020,2/17/2020,"12,800","2,304,510","1,674,057",122,4,,,,,,,,,
YouthLust Danny,Male,31,Single,,,2017,2/17/2017,"64,400","44,872,666","6,506,980",121,91,57,,,,,,,,
morningpleasure,Couple,22,Taken,167,,2019,2/17/2019,"229,000","86,427,887","9,650,435",120,72,11,,,,,,,,
Lora Cross,Female,35,Taken,157,51,2020,2/17/2020,"62,200","34,319,364","3,900,408",125,135,168,,,,,,,,
Jessica Starling,Female,25,Taken,157,50,2018,2/17/2018,"117,000","26,703,924","3,975,526",131,73,123,,,,,,,,
TheMigurtt,Couple,20,Taken,,,2020,3/17/2020,"254,000","43,794,861","8,753,279",123,46,,,,,,,,,
Litt1eAnge1,Couple,21,Taken,,,2020,2/17/2020,"257,000","158,056,321","9,899,412",124,60,2,,,,,,,,
Mrs Mischief,Female,48,Single,172,62,2018,2/17/2018,"93,300","61,016,440","3,549,195",128,202,,,,,,,,,
ourdirtylilsecret,Couple,27,Taken,160,54,2016,2/17/2016,"162,000","97,977,319","8,431,128",134,214,20,,,,,,,,
inpossibleoreoo,Couple,27,Taken,,,2020,2/17/2020,"76,600","39,795,291","3,897,334",127,231,2,,,,,,,,
Family Creampie,Couple,22,Open,187,82,2020,2/17/2020,"20,000","38,160,257","1,380,906",132,62,60,,,,,,,,
ThicciVelvet,Female,26,Single,154,48,2018,2/17/2018,"169,000","54,971,843","6,336,064",139,205,4,,,,,,,,
Anisyia,Female,31,Single,157,45,2016,2/17/2016,"86,100","68,087,920","4,552,490",137,352,441,,,,,,,,
Yummy Couple,Couple,32,Taken,165,,2018,2/17/2018,"83,000","76,751,510","3,829,872",138,273,42,,,,,,,,
My Little Swallow,Couple,28,Taken,160,47,2016,2/17/2016,"79,700","30,567,815","2,751,288",130,33,2,,,,,,,,
LexisCandyShop,Female,19,Single,162,47,2020,7/17/2020,"63,800","7,815,432","1,669,550",136,20,12,,,,,,,,
annaxnasty,Female,19,Open,154,47,2020,2/17/2020,"60,700","23,334,808","4,700,288",143,57,16,,,,,,,,
Anabella Galeano,Female,31,Taken,157,55,2020,2/17/2020,"15,200","3,849,521","1,772,738",142,34,,,,,,,,,
Sofia Simens,Female,20,Taken,162,,2020,6/17/2020,"56,200","4,275,643","1,790,509",133,15,5,,,,,,,,
Wicked Fellow,Male,54,Open,185,98,2018,2/17/2018,"103,000","93,452,577","5,499,207",141,103,23,,,,,,,,
Nicole Doshi,Female,25,Single,160,52,2020,2/17/2020,"52,700","8,722,446","2,468,362",135,65,79,,,,,,,,
Hotwife,Female,38,Open,,,2020,2/17/2020,"4,900","976,437","172,298",140,23,,,,,,,,,
LucaXMia,Couple,20,Open,,,2018,2/17/2018,"60,100","17,306,740","4,446,870",145,45,13,,,,,,,,
Sabrina Spice,Female,20,Open,,,2019,2/17/2019,"71,800","11,717,932","4,141,563",150,17,7,,,,,,,,
misterdoktor,Male,34,Single,190,,2017,2/17/2017,"10,600","22,569,989","6,718,474",146,1730,,,,,,,,,
LacyLuxxx,Couple,25,Taken,165,,2020,2/17/2020,"81,400","20,993,609","3,525,989",151,30,5,,,,,,,,
ChantyChrys,Couple,30,Open,167,50,2020,4/17/2020,"80,700","46,460,753","4,461,776",149,62,37,,,,,,,,
owiaks,Couple,32,Taken,170,,2020,5/17/2020,"26,800","9,628,898","1,955,948",148,74,18,,,,,,,,
MissArianaxxx,Couple,19,Taken,,,2020,3/17/2020,"64,000","24,492,111","3,280,820",154,41,7,,,,,,,,
TeenyGinger,Female,22,Single,170,50,2018,2/17/2018,"233,000","104,974,813","7,844,531",147,208,111,,,,,,,,
Miss Fantasy,Female,24,Taken,165,62,2020,2/17/2020,"47,400","53,754,082","2,316,491",153,135,46,,,,,,,,
RolaKiki,Female,19,Single,167,,2020,2/17/2020,"174,000","8,970,027","3,925,762",144,5,2,,,,,,,,
Lana Bee,Female,24,Single,160,52,2019,2/17/2019,"43,000","3,785,006","1,629,836",152,31,,,,,,,,,
MattieDoll,Female,23,Open,165,45,2017,2/17/2017,"370,000","116,468,493","10,128,436",155,68,5,,,,,,,,
JuliAleXXX,Female,22,Open,175,55,2020,2/17/2020,"94,900","33,152,892","4,371,805",160,46,6,,,,,,,,
CheriPisces,Couple,21,Taken,165,50,2020,3/17/2020,"66,600","11,863,935","2,560,906",158,25,8,,,,,,,,
YourPersonalLoli,Female,19,Taken,,,2020,2/17/2020,"136,000","16,978,014","3,636,943",162,35,,,,,,,,,
Rico Hugi,Male,30,Open,,,2019,2/17/2019,"56,900","31,247,609","2,253,457",161,37,33,,,,,,,,
JulyNovemberXXX,Female,25,Single,172,,2020,2/17/2020,"31,200","13,130,150","2,892,690",166,59,57,,,,,,,,
Jemma Sinn,Female,25,Open,172,54,2020,10/17/2020,"32,400","10,401,056","1,878,724",168,23,3,,,,,,,,
MsStacy08,Female,19,Single,157,43,2019,2/17/2019,"48,700","81,353,862","3,134,291",167,213,33,,,,,,,,
xlkyng,Couple,40,Taken,175,,2016,2/17/2016,"62,400","131,873,954","2,728,242",164,352,60,,,,,,,,
lilcanadiangirl,Female,28,Single,165,59,2018,2/17/2018,"170,000","33,325,183","5,171,712",159,35,71,,,,,,,,
Gwen Adora,Female,25,Single,170,,2019,2/17/2019,"25,300","5,277,381","1,469,757",165,110,185,,,,,,,,
LaraJuicy,Female,23,Single,165,47,2020,2/17/2020,"67,700","15,165,687","2,418,614",169,85,7,,,,,,,,
Anna Blossom,Couple,27,Taken,177,53,2019,2/17/2019,"160,000","46,514,083","6,218,843",170,108,6,,,,,,,,
Linoo Amors,Couple,24,Taken,157,42,2017,2/17/2017,"105,000","121,148,842","3,941,468",172,59,9,,,,,,,,
Mona Charm,Couple,23,Taken,160,49,2019,2/17/2019,"116,000","12,750,071","5,042,289",176,29,1,,,,,,,,
Rachel Steele,Female,58,Open,,,2020,2/17/2020,"14,500","2,282,791","723,269",174,25,357,,,,,,,,
Chandler Knight,Female,23,Single,160,,2019,2/17/2019,"75,200","22,527,248","3,475,472",173,57,152,,,,,,,,
PrincessHaze,Female,27,Single,,,2020,2/17/2020,"67,800","15,523,114","3,652,702",171,37,11,,,,,,,,
prettykittymiaos,Female,24,Single,,,2016,2/17/2016,"240,000","113,056,218","9,989,315",175,164,,,,,,,,,
Jada Conbreezy,Female,27,Taken,154,52,2019,2/17/2019,"117,000","39,230,620","4,148,628",177,60,6,,,,,,,,
fap2it,Male,26,Single,172,57,2019,2/17/2019,"29,200","58,547,870","1,966,559",179,195,28,,,,,,,,
Mimi Boom,Couple,19,Open,170,52,2020,2/17/2020,"71,900","26,176,809","3,833,845",185,39,9,,,,,,,,
Presidentlee,Male,27,Taken,177,,2018,2/17/2018,"94,400","45,467,967","5,315,450",187,20,,,,,,,,,
Nadia Foxx,Female,28,Open,180,64,2020,2/17/2020,"35,700","8,755,662","1,546,211",180,39,5,,,,,,,,
LilooStich,Couple,21,Taken,162,45,2020,5/17/2020,"43,500","7,193,629","2,169,750",163,66,,,,,,,,,
dudetlewd,Female,20,Single,,,2020,2/17/2020,"17,200","5,352,332","1,509,786",186,126,,,,,,,,,
PossiblyNeighbours,Couple,23,Open,167,51,2020,2/17/2020,"51,100","23,624,397","1,817,760",207,179,54,,,,,,,,
Melon Ice,Couple,23,Single,154,,2020,4/17/2020,"21,400","22,409,676","2,119,097",182,40,,,,,,,,,
AlmondBabe,Couple,21,Single,160,46,2019,2/17/2019,"99,800","43,087,043","6,702,136",188,6,1,,,,,,,,
Lydia Love,Female,22,Single,,,2018,2/17/2018,"2,600","167,265","199,607",701,7,1,,,,,,,,
Makissse,Female,20,Taken,157,45,2020,2/17/2020,"65,900","12,126,596","1,879,135",189,57,,,,,,,,,
Solo Girl,Female,18,Open,,,2020,8/17/2020,"7,300","1,118,506","217,635",183,53,9,,,,,,,,
Lana Swallows,Couple,69,Taken,,,2019,2/17/2019,"75,000","19,396,903","2,964,910",193,24,,,,,,,,,
loliiiiipop99,Couple,20,Taken,165,,2020,7/17/2020,"67,700","7,598,667","1,351,461",178,25,9,,,,,,,,
AsianGoodGirl,Couple,27,Taken,165,50,2019,2/17/2019,"93,400","47,408,714","5,724,569",190,86,3,,,,,,,,
Mila Fox,Female,25,Single,165,53,2017,2/17/2017,"95,000","69,150,882","3,748,333",184,179,29,,,,,,,,
Horny Hiking,Couple,25,Taken,,,2020,2/17/2020,"27,600","6,287,739","1,366,023",196,12,12,,,,,,,,
MaryBarrie,Female,21,Single,,,2020,2/17/2020,"63,400","40,171,479","3,660,442",197,33,,,,,,,,,
Little Liliana,Female,21,Single,165,50,2020,7/17/2020,"50,900","7,831,052","1,888,667",191,11,1,,,,,,,,
Nova Starr,Female,27,Single,,,2019,2/17/2019,"95,200","44,702,079","5,958,248",199,54,6,,,,,,,,
Wolfradish,Couple,34,Taken,,,2020,2/17/2020,"37,700","34,211,686","2,626,887",194,512,13,,,,,,,,
Kinky Babies,Couple,22,Open,167,54,2020,4/17/2020,"34,300","20,674,509","1,523,247",192,92,20,,,,,,,,
Stephanie Vixen,Couple,20,Taken,154,52,2019,2/17/2019,"145,000","66,577,181","5,090,139",198,30,1,,,,,,,,
Mya Quinn,Couple,29,Open,,,2020,6/17/2020,"25,300","5,379,247","929,659",195,52,3,,,,,,,,
Robbie OZ,Male,36,Open,,,2020,5/17/2020,"44,800","20,653,132","1,968,846",200,74,1,,,,,,,,
Kyutty,Couple,24,Taken,160,43,2020,2/17/2020,"105,000","11,730,839","2,152,717",202,25,15,,,,,,,,
Wet Kelly,Female,33,Open,172,52,2016,2/17/2016,"97,800","46,291,131","4,340,049",201,234,33,,,,,,,,
Lexa Lite,Female,19,Single,165,54,2017,2/17/2017,"79,500","28,219,920","2,747,327",203,216,134,,,,,,,,
John and Sky,Couple,22,Open,,,2020,7/17/2020,"41,000","12,464,509","1,823,242",206,26,2,,,,,,,,
MoxieFilms,Male,26,Open,,,2019,2/17/2019,"61,800","57,082,704","6,028,456",181,25,5,,,,,,,,
Jane Dro,Female,25,Taken,,,2019,2/17/2019,"40,800","15,423,479","2,216,864",204,42,,,,,,,,,
Indica Flower,Female,25,Single,165,59,2020,2/17/2020,"21,200","555,792","1,001,138",213,57,8,,,,,,,,
Andy Savage,Male,26,Single,185,88,2019,2/17/2019,"114,000","49,395,372","4,821,884",212,147,47,,,,,,,,
Mandy Madison,Female,28,Single,175,54,2020,2/17/2020,"68,500","15,194,184","3,077,560",208,57,14,,,,,,,,
Egypt family,Female,23,Open,,,2020,11/17/2020,"2,400","2,035,420","348,195",205,17,,,,,,,,,
AniButler,Female,23,Single,162,43,2020,2/17/2020,"92,600","15,955,124","3,002,284",221,34,10,,,,,,,,
nextdoornurs3,Couple,22,Single,177,51,2020,2/17/2020,"35,000","38,660,602","2,215,830",220,123,28,,,,,,,,
Wirtoly,Female,31,Taken,165,55,2016,2/17/2016,"154,000","136,821,954","4,448,399",209,302,30,,,,,,,,
Amanda Toy,Female,24,Taken,,,2019,2/17/2019,"34,100","9,895,846","2,275,942",219,84,39,,,,,,,,
CoyWilder,Female,33,Open,,,2020,2/17/2020,"90,200","7,039,134","5,744,734",225,18,1,,,,,,,,
RubiRay,Couple,21,Open,160,,2019,2/17/2019,"55,700","31,752,688","2,479,337",218,109,18,,,,,,,,
ZIAxBITE,Couple,24,Taken,172,44,2016,2/17/2016,"165,000","55,325,514","4,532,962",217,49,35,,,,,,,,
Mai chen,Female,24,Single,157,,2020,6/17/2020,"80,300","4,464,107","1,774,970",210,11,,,,,,,,,
Face sitting,Female,19,Open,,,2020,9/17/2020,"1,600","270,822","58,747",216,12,4,,,,,,,,
prvegax,Female,21,Open,,,2020,3/17/2020,"1,900","181,311","268,969",224,2,,,,,,,,,
Kylee lee,Couple,21,Taken,165,54,2019,2/17/2019,"93,200","28,013,843","4,669,324",223,89,1,,,,,,,,
HarperTheFox,Female,29,Taken,,,2014,2/17/2014,"113,000","78,554,313","5,548,156",222,274,78,,,,,,,,
taylortitfucks,Female,20,Single,157,51,2020,2/17/2020,"34,100","7,957,930","1,101,016",227,65,5,,,,,,,,
Baby Montana,Female,24,Single,,,2020,2/17/2020,"39,800","28,562,101","2,506,625",229,87,4,,,,,,,,
Indica Monroe,Female,19,Single,,,2020,2/17/2020,"17,500","2,366,267","710,358",247,6,4,,,,,,,,
Curlyheadedfck,Male,25,Single,177,75,2020,2/17/2020,"21,600","4,020,963","1,306,810",232,15,,,,,,,,,
Hidden Kitten,Couple,20,Open,157,44,2020,5/17/2020,"35,200","8,190,080","1,253,338",230,49,10,,,,,,,,
Ummmbrella,Female,24,Open,170,50,2019,2/17/2019,"57,500","16,286,823","2,753,955",234,10,,,,,,,,,
Pinay Celebrity,Male,28,Single,,,2020,12/17/2020,530,"783,976","69,110",228,8,,,,,,,,,
papaxmama,Female,20,Single,157,47,2020,2/17/2020,"29,400","9,978,654","957,414",233,37,14,,,,,,,,
Horny Kira,Female,20,Single,,,2019,2/17/2019,"45,500","9,901,834","1,641,827",243,57,4,,,,,,,,
The MILF Show,Female,,Taken,,,2020,2/17/2020,"32,100","7,935,459","10,161,597",244,54,,,,,,,,,
Karneli Bandi,Female,23,Taken,162,45,2020,2/17/2020,"133,000","12,612,664","2,512,337",238,37,33,,,,,,,,
feelgoodfilth,Male,36,Single,180,10,2020,2/17/2020,"14,900","15,456,528","2,091,956",239,53,32,,,,,,,,
Tweetney,Female,21,Single,,,2019,2/17/2019,"97,800","23,655,557","2,573,382",237,24,85,,,,,,,,
Asia Rae,Female,25,Single,,,2020,2/17/2020,"9,000","17,009","255,071",236,4,4,,,,,,,,
Nikki Hugs,Female,26,Single,177,66,2016,2/17/2016,"73,600","22,481,763","3,400,531",235,148,1,,,,,,,,
Marina Maya,Female,28,Single,,,2020,2/17/2020,"20,000","3,298,368","1,747,167",248,6,,,,,,,,,
peachesdoe97,Female,23,Taken,152,43,2018,2/17/2018,"159,000","69,826,619","4,921,483",251,3,270,,,,,,,,
kiss1couple,Couple,20,Single,170,64,2019,2/17/2019,"51,200","16,515,878","1,869,144",240,129,10,,,,,,,,
Tiffany Valentine,Female,21,Single,,,2019,2/17/2019,422,"3,692","50,417",265,1,,,,,,,,,
bootysothick,Couple,23,Taken,165,61,2020,2/17/2020,"41,300","15,358,221","2,736,334",249,85,,,,,,,,,
Via Hub,Couple,18,Open,165,45,2020,8/17/2020,"16,800","8,466,135","737,618",246,149,10,,,,,,,,
Little Puck,Female,29,Taken,170,66,2018,2/17/2018,"38,700","9,050,975","1,475,225",245,39,215,,,,,,,,
Kittie Cate,Female,38,Taken,162,50,2017,2/17/2017,"113,000","60,039,293","4,042,560",255,229,14,,,,,,,,
cocopumpum,Couple,20,Taken,165,49,2019,2/17/2019,"62,300","6,749,677","1,917,845",252,50,3,,,,,,,,
BelleDelphine,Female,21,Single,167,51,2020,2/17/2020,"278,000","45,253,013","21,738,109",215,14,,,,,,,,,
ouset,Female,30,Single,,,2019,2/17/2019,"27,800","12,936,862","1,264,939",256,168,88,,,,,,,,
Ishmcfly,Female,29,Taken,,,2020,4/17/2020,"2,500","700,757","327,411",214,10,4,,,,,,,,
Annefrank,Couple,21,Single,,,2019,2/17/2019,"54,400","10,156,690","3,420,504",267,25,7,,,,,,,,
Rebecca Stilles,Female,25,Taken,157,44,2018,2/17/2018,"95,900","29,115,131","3,142,175",254,306,33,,,,,,,,
Little Lee,Female,22,Single,154,,2017,2/17/2017,"125,000","8,211,783","2,162,696",257,84,5,,,,,,,,
SpicyBooty,Couple,30,Taken,,,2019,2/17/2019,"70,000","26,951,485","2,769,195",259,117,21,,,,,,,,
AutumnXXJordan,Female,20,Open,170,73,2020,2/17/2020,"33,300","18,119,513","2,281,317",263,84,,,,,,,,,
Mary Celeste,Female,25,Taken,170,54,2020,6/17/2020,"11,900","4,911,293","1,074,372",258,29,8,,,,,,,,
Demon Girl,Couple,26,Taken,160,,2020,4/17/2020,"56,000","48,119,448","2,338,374",299,38,1,,,,,,,,
DarkWetDreemz,Couple,28,Taken,172,,2019,2/17/2019,"26,000","14,735,423","1,417,785",264,74,38,,,,,,,,
IsheS,Couple,30,Taken,,,2019,2/17/2019,"75,700","44,558,620","3,037,075",262,101,4,,,,,,,,
Stacy Starando,Female,20,Open,175,52,2019,2/17/2019,"65,900","45,289,432","4,658,866",268,46,6,,,,,,,,
HotCumChallenge,Couple,,Single,167,58,2020,2/17/2020,"50,400","9,448,788","2,189,525",269,45,7,,,,,,,,
teenanna,Female,23,Single,167,54,2020,2/17/2020,"64,600","11,152,417","2,018,152",270,38,1,,,,,,,,
Very Myller,Couple,26,Taken,,,2020,2/17/2020,"24,300","14,884,717","1,570,511",271,112,42,,,,,,,,
JennyDoll18,Female,23,Open,172,,2017,2/17/2017,"112,000","56,017,380","2,958,290",272,75,64,,,,,,,,
AdultVisualNovels,Male,37,Single,177,,2020,2/17/2020,"6,800","10,040,596","2,200,995",279,2624,,,,,,,,,
Milaluv,Female,101,Open,,,2020,2/17/2020,"56,100","7,021,169","2,306,401",261,57,9,,,,,,,,
Danna Paola,Couple,20,Single,165,54,2020,2/17/2020,"6,100","3,703,448","692,497",277,107,,,,,,,,,
miniblondie,Couple,25,Taken,,,2020,2/17/2020,"40,900","4,127,061","1,140,016",273,124,57,,,,,,,,
MissKitty2K,Female,20,Open,165,,2020,2/17/2020,"13,400","27,825,221","2,617,035",274,967,96,,,,,,,,
Jasmine Wilde,Couple,23,Taken,165,57,2020,8/17/2020,"47,000","10,653,619","1,798,748",290,20,2,,,,,,,,
astrodomina,Female,27,Single,165,59,2017,2/17/2017,"40,500","17,427,120","1,649,456",242,156,1293,,,,,,,,
Miss Fluo,Female,34,Taken,165,57,2015,2/17/2015,"29,900","10,604,680","1,358,204",276,159,4,,,,,,,,
Kate Pie,Couple,22,Taken,170,,2020,2/17/2020,"50,800","8,871,961","2,302,197",275,31,7,,,,,,,,
MikeGSparda,Couple,25,Open,190,68,2020,2/17/2020,"45,000","14,528,316","2,011,808",291,86,29,,,,,,,,
Raya Vee,Female,,Taken,170,48,2020,2/17/2020,"56,600","19,901,770","2,100,294",285,50,,,,,,,,,
MoonFleur,Couple,19,Taken,,,2020,7/17/2020,"32,900","5,484,254","795,021",282,18,20,,,,,,,,
Porsha Carrera,Female,27,Open,167,66,2020,2/17/2020,"11,300","4,022,113","512,707",284,94,70,,,,,,,,
Mysti Life,Female,22,Single,167,59,2020,2/17/2020,"45,300","8,571,725","1,523,896",287,42,7,,,,,,,,
missalexapearl,Female,24,Taken,,,2019,2/17/2019,"40,500","4,403,157","2,007,285",295,6,4,,,,,,,,
Cock2squirt,Male,27,Open,,,2020,2/17/2020,"63,500","26,808,281","3,377,459",283,56,,,,,,,,,
lizashultz,Female,20,Taken,162,43,2020,2/17/2020,"161,000","25,985,943","4,998,868",280,64,7,,,,,,,,
MasqueradeLovers,Couple,27,Taken,,54,2020,2/17/2020,"56,400","16,601,657","2,247,983",294,127,23,,,,,,,,
Kitty k,Female,24,Single,152,,2019,2/17/2019,"128,000","91,014,527","5,136,529",278,22,,,,,,,,,
johannesgaming,Male,31,Taken,160,81,2019,2/17/2019,"9,300","16,150,920","4,130,913",289,1228,1,,,,,,,,
BellaBluee,Couple,26,Open,160,49,2019,2/17/2019,"49,800","17,976,783","1,820,492",288,25,,,,,,,,,
Secrets of Pleasure,Couple,25,Open,170,55,2020,2/17/2020,"51,800","16,223,546","2,222,979",292,61,77,,,,,,,,
Annabelle Rogers,Female,25,Taken,165,77,2020,2/17/2020,"17,200","3,123,849","1,007,391",301,62,253,,,,,,,,
SadAndWet,Female,18,Single,165,48,2020,7/17/2020,"34,100","10,074,541","1,148,080",286,43,11,,,,,,,,
Anika Spring,Couple,26,Taken,165,51,2020,2/17/2020,"121,000","40,252,976","3,369,936",298,40,3,,,,,,,,
diosaera,Female,23,Taken,152,44,2018,2/17/2018,"89,800","66,552,303","3,752,586",293,287,,,,,,,,,
ArianaVanX,Female,22,Open,,,2019,2/17/2019,"4,000","134,280","162,682",309,2,,,,,,,,,
lisafem,Couple,25,Open,,,2020,3/17/2020,"27,600","28,620,920","1,996,489",296,41,4,,,,,,,,
AnnalBelle,Female,28,Taken,162,49,2019,2/17/2019,"57,200","19,971,694","2,167,973",302,43,4,,,,,,,,
Ohshititslele,Female,31,Taken,172,54,2018,2/17/2018,"57,900","25,753,510","3,559,464",315,79,40,,,,,,,,
LustfulGeek,Couple,29,Taken,,,2016,2/17/2016,"96,800","65,533,094","5,278,380",307,270,,,,,,,,,
AIMAZING AMY,Female,33,Open,149,49,2019,2/17/2019,"78,800","62,861,342","4,012,377",308,43,2,,,,,,,,
Anna Thorn,Female,25,Single,,,2020,2/17/2020,"34,400","6,458,873","978,928",314,25,130,,,,,,,,
czkrok,Couple,21,Single,177,62,2020,2/17/2020,"39,100","5,847,116","1,239,594",303,24,1,,,,,,,,
Anny Ward,Couple,24,Taken,160,55,2020,2/17/2020,"10,800","1,247,441","443,200",297,30,2,,,,,,,,
Gliappetitosi,Couple,26,Taken,162,53,2020,12/17/2020,"3,100","1,383,408","181,375",306,37,7,,,,,,,,
noratheo,Couple,23,Open,180,52,2020,4/17/2020,"30,800","6,239,101","1,133,386",323,43,5,,,,,,,,
Pink Milk,Couple,70,Taken,,,2020,2/17/2020,"62,600","11,843,210","2,042,811",316,48,15,,,,,,,,
maryvincxxx,Couple,21,Open,162,45,2019,2/17/2019,"81,600","34,003,766","3,063,723",335,123,30,,,,,,,,
Cassie Curses,Female,29,Single,,,2018,2/17/2018,"5,700","503,637","720,449",305,3,,,,,,,,,
Saerosoh,Couple,22,Taken,157,48,2020,2/17/2020,"44,500","10,042,519","1,950,080",317,19,1,,,,,,,,
Laila Lust,Female,24,Single,,,2020,2/17/2020,"6,300","1,614,048","417,029",321,37,,,,,,,,,
IssaNutBaby,Male,,Single,187,73,2020,2/17/2020,"14,000","11,462,423","852,353",338,59,,,,,,,,,
andre love,Couple,18,Open,162,76,2019,2/17/2019,"31,100","50,484,654","1,723,630",304,181,5,,,,,,,,
Elisabeth Weir,Female,23,Taken,157,42,2019,2/17/2019,"109,000","20,083,576","3,123,998",328,102,68,,,,,,,,
GlowJob Fantasy,Couple,30,Taken,,,2020,6/17/2020,"23,800","6,841,741","881,054",337,66,10,,,,,,,,
Ahsoka Tano,Female,29,Open,,,2019,2/17/2019,"13,100","2,096,506","389,301",319,116,3,,,,,,,,
LLadventures,Couple,20,Taken,152,48,2019,2/17/2019,"53,200","17,348,018","2,807,135",331,55,3,,,,,,,,
MissPrincessKay,Female,22,Single,162,62,2019,2/17/2019,"60,500","19,259,853","3,022,875",329,124,116,,,,,,,,
Lady Cucci,Couple,24,Taken,,,2019,2/17/2019,"36,500","29,301,441","1,516,669",326,26,,,,,,,,,
Rai Blue,Female,20,Taken,157,64,2019,2/17/2019,"77,100","10,128,780","4,828,414",311,11,,,,,,,,,
Amber Sonata,Couple,27,Open,,,2018,2/17/2018,"74,100","38,998,605","3,066,140",327,190,195,,,,,,,,
Mr Kim,Male,30,Open,175,36,2020,2/17/2020,"19,800","10,757,120","1,813,077",333,20,12,,,,,,,,
Dirty Wife,Male,50,Taken,,,2014,2/17/2014,"54,900","87,464,017","2,646,636",324,155,,,,,,,,,
biancaNboo,Female,21,Taken,,,2019,2/17/2019,"39,300","15,926,141","2,039,759",336,27,3,,,,,,,,
Daddys Luder,Female,35,Open,,,2018,2/17/2018,"10,400","7,308,065","789,275",334,194,1,,,,,,,,
TheLittleRed,Couple,22,Taken,157,50,2020,8/17/2020,"28,400","7,139,011","1,123,230",332,55,1,,,,,,,,
LeoniePur,Female,27,Single,,,2015,2/17/2015,"100,000","65,428,284","6,838,007",313,62,52,,,,,,,,
Jess and mike,Couple,28,Taken,160,,2019,2/17/2019,"29,900","23,881,963","2,960,178",320,89,6,,,,,,,,
Alaska Zade,Female,23,Taken,,,2020,2/17/2020,"24,600","7,007,344","2,600,185",330,9,,,,,,,,,
Candy Milady,Couple,19,Taken,,,2020,5/17/2020,"23,500","6,166,669","1,024,145",346,33,1,,,,,,,,
Claudia Class,Couple,31,Open,165,55,2017,2/17/2017,"141,000","91,685,703","3,694,814",341,136,5,,,,,,,,
LonelyMeow,Couple,24,Taken,165,,2020,2/17/2020,"51,600","3,436,919","1,321,645",343,19,53,,,,,,,,
Milf Lilly,Female,36,Single,,,2020,10/17/2020,"6,900","850,863","322,064",342,34,6,,,,,,,,
AvrilxLust,Female,21,Open,,,2020,2/17/2020,"39,300","5,792,294","1,355,583",366,78,12,,,,,,,,
Sex Games,Male,35,Open,,,2020,2/17/2020,395,"18,869","64,767",348,16,,,,,,,,,
officialBF,Couple,21,Taken,,,2020,6/17/2020,"35,100","7,713,682","1,095,915",340,36,7,,,,,,,,
LoveSkySan69,Male,19,Single,182,75,2020,2/17/2020,"9,400","21,900,366","4,007,325",350,1622,61,,,,,,,,
julia softdome,Couple,40,Taken,175,55,2020,2/17/2020,"51,800","100,952,192","2,924,597",351,221,9,,,,,,,,
Alexa Bi,Couple,37,Taken,157,44,2018,2/17/2018,"49,100","18,409,896","2,120,911",345,30,15,,,,,,,,
Amelia Skye,Female,22,Taken,157,,2019,2/17/2019,"30,500","8,012,510","1,813,867",358,75,1,,,,,,,,
CharlieBHustle,Female,29,Open,,,2018,2/17/2018,"66,500","31,462,930","4,584,558",312,39,50,,,,,,,,
thelazycouple,Couple,26,Single,172,52,2020,2/17/2020,"25,100","2,014,167","365,345",357,47,1,,,,,,,,
juliehotmom,Female,37,Open,165,58,2019,2/17/2019,"16,500","8,270,597","1,075,294",361,53,,,,,,,,,
Mrs Robinson,Couple,54,Open,167,59,2020,6/17/2020,"6,300","1,112,481","248,699",353,66,1,,,,,,,,
LewdFroggo,Male,25,Taken,,,2020,2/17/2020,"7,300","273,487","747,584",344,3,,,,,,,,,
Hazel Heart,Couple,22,Taken,,,2020,2/17/2020,"2,600","12,669","113,757",266,1,1,,,,,,,,
PeacockCouple,Couple,40,Taken,,,2016,2/17/2016,"54,000","12,070,320","2,760,151",367,33,14,,,,,,,,
MonSucre,Couple,19,Taken,,,2020,2/17/2020,"41,000","6,253,579","1,213,049",356,30,8,,,,,,,,
Jessie Carmen,Female,22,Open,162,46,2019,2/17/2019,"59,100","24,681,336","2,137,146",349,61,11,,,,,,,,
The Chubbs,Couple,21,Open,170,91,2020,3/17/2020,"28,300","9,508,526","1,402,108",352,61,1,,,,,,,,
ggkatie,Couple,30,Taken,165,,2020,2/17/2020,"32,300","10,023,500","1,520,818",354,27,62,,,,,,,,
SiaSiberia,Female,25,Single,165,45,2019,2/17/2019,"283,000","40,670,839","6,913,392",322,61,39,,,,,,,,
isabellamout,Female,26,Single,165,56,2020,2/17/2020,"28,300","8,294,789","1,794,478",364,40,39,,,,,,,,
NatalieFlowers,Couple,33,Open,,,2019,2/17/2019,"163,000","155,125,487","6,546,020",347,238,38,,,,,,,,
Tira Part,Female,25,Taken,,,2020,2/17/2020,"42,400","14,517,827","2,950,057",359,32,,,,,,,,,
Putri Cinta,Female,23,Single,,,2020,2/17/2020,"12,100","951,338","550,617",373,31,,,,,,,,,
JackPlusJill,Couple,29,Single,,,2019,2/17/2019,"26,400","10,448,849","1,773,218",355,39,88,,,,,,,,
Joey Lee,Couple,24,Taken,157,50,2020,8/17/2020,"13,300","3,047,690","547,135",325,74,22,,,,,,,,
joibae,Female,24,Taken,,,2019,2/17/2019,"37,500","10,492,403","1,480,203",339,23,,,,,,,,,
Natalissa,Couple,19,Taken,167,43,2020,2/17/2020,"71,100","27,601,280","2,547,627",376,20,2,,,,,,,,
XO Bunny,Female,21,Taken,160,50,2020,2/17/2020,"37,100","9,579,518","1,488,476",365,1040,23,,,,,,,,
Queen white,Female,21,Single,106,54,2020,2/17/2020,"31,700","7,429,385","1,309,459",379,33,8,,,,,,,,
nothingbutrough,Couple,30,Single,157,50,2018,2/17/2018,"49,100","20,177,959","1,916,514",369,107,,,,,,,,,
MaryCherry,Female,22,Single,175,59,2018,2/17/2018,"61,500","32,451,908","2,942,967",370,135,10,,,,,,,,
OneNymphoLatina,Female,20,Taken,170,57,2020,2/17/2020,"56,700","15,317,714","2,328,836",377,65,24,,,,,,,,
Olivia NoFace,Female,28,Taken,165,52,2019,2/17/2019,"28,200","20,232,463","217,371",362,33,,,,,,,,,
louiseetmartin,Couple,25,Taken,172,49,2019,2/17/2019,"143,000","52,717,515","4,607,751",378,24,,,,,,,,,
littlelillyfckslut,Female,29,Taken,154,61,2020,2/17/2020,"56,400","27,111,446","2,314,785",389,56,12,,,,,,,,
Johann Wood,Male,26,Single,180,60,2017,2/17/2017,"33,000","13,281,339","1,971,917",371,110,17,,,,,,,,
Tight Tini,Female,31,Single,165,52,2019,2/17/2019,"10,700","5,028,463","737,372",375,115,1,,,,,,,,
Niurakoshkina,Couple,31,Taken,,,2020,2/17/2020,"19,200","4,882,780","985,255",383,52,42,,,,,,,,
Emma Lovett,Female,28,Taken,177,58,2013,2/17/2013,"69,600","27,024,141","2,506,299",368,12,18,,,,,,,,
Lucy Scott,Female,23,Single,157,50,2019,2/17/2019,"69,600","21,863,375","3,304,090",384,30,8,,,,,,,,
Princess Alekshi,Female,24,Single,157,49,2020,2/17/2020,"14,500","20,505,783","1,321,082",394,142,,,,,,,,,
banaqwa,Female,20,Taken,157,52,2019,2/17/2019,"43,200","7,863,369","1,451,781",387,93,6,,,,,,,,
Sweetbuttocks,Female,23,Open,175,61,2019,2/17/2019,"45,300","41,062,882","2,056,678",386,205,17,,,,,,,,
PetitTits,Couple,26,Taken,170,55,2019,2/17/2019,"43,700","10,504,714","1,332,433",388,115,17,,,,,,,,
LolloLara91,Couple,29,Taken,165,48,2019,2/17/2019,"14,000","14,826,643","1,213,478",380,270,28,,,,,,,,
SexySorcerorSupreme,Male,37,Taken,180,68,2019,2/17/2019,"21,700","23,071,796","1,223,637",391,198,,,,,,,,,
MysteriousKathy,Female,22,Open,175,53,2019,2/17/2019,"118,000","26,270,706","4,946,628",374,78,3,,,,,,,,
HeartandAce,Couple,27,Taken,,,2020,2/17/2020,"32,600","18,303,039","1,963,361",390,20,2,,,,,,,,
Kisscat Public,Female,25,Taken,177,57,2017,2/17/2017,"22,800","6,691,306","1,322,619",372,19,18,,,,,,,,
Professor GAIA,Female,33,Open,,,2015,2/17/2015,"18,500","3,546,243","655,149",409,42,18,,,,,,,,
Sophia Wolfe,Female,18,Taken,154,48,2020,5/17/2020,"39,500","5,076,161","1,424,684",398,18,,,,,,,,,
MochaLaMulata,Female,69,Single,175,77,2016,2/17/2016,"69,900","24,271,313","1,965,639",406,127,26,,,,,,,,
KristinaSlut,Couple,31,Open,167,58,2018,2/17/2018,"51,300","45,618,553","2,633,238",401,110,17,,,,,,,,
TheRykers,Couple,27,Open,,,2015,2/17/2015,"144,000","88,710,517","8,010,301",393,327,11,,,,,,,,
kinkysolveig,Female,21,Open,,,2019,2/17/2019,"32,300","14,799,303","1,887,676",414,127,72,,,,,,,,
Candy Kitty,Couple,22,Taken,165,55,2020,2/17/2020,"50,300","10,058,438","2,395,471",360,23,,,,,,,,,
LovlyLuna,Couple,22,Single,,,2020,2/17/2020,"35,700","2,090,911","1,411,140",385,12,32,,,,,,,,
Ishka S,Male,31,Open,180,86,2020,2/17/2020,"14,200","7,104,861","1,161,040",415,67,29,,,,,,,,
Fit Sid,Female,21,Single,,,2020,2/17/2020,"18,500","1,283,831","1,013,199",404,11,122,,,,,,,,
Polysweet,Couple,21,Open,167,33,2020,2/17/2020,"17,300","4,218,932","650,234",400,116,9,,,,,,,,
Jadisex,Couple,20,Taken,,,2020,2/17/2020,"11,000","3,413,166","636,285",402,54,9,,,,,,,,
Tia Mor,Female,25,Open,142,45,2018,2/17/2018,"57,900","45,050,282","2,605,086",403,56,25,,,,,,,,
shely81,Female,31,Taken,,,2019,2/17/2019,"60,900","19,783,480","1,557,541",407,221,3,,,,,,,,
Deria,Couple,37,Open,,,2016,2/17/2016,"39,500","30,994,598","1,382,920",405,112,23,,,,,,,,
digitalprincxss,Female,23,Single,,50,2020,2/17/2020,"25,100","6,185,332","3,168,933",432,7,4,,,,,,,,
thecosmicgirl,Female,21,Single,,,2020,9/17/2020,"57,800","3,180,626","325,971",422,131,6,,,,,,,,
Elena bon,Female,20,Single,172,,2020,2/17/2020,"30,700","5,499,642","1,149,096",381,146,13,,,,,,,,
AutumnNight,Female,22,Single,160,52,2018,2/17/2018,"77,800","20,876,103","2,707,267",408,115,,,,,,,,,
MaryCandy,Female,25,Single,160,,2020,2/17/2020,"84,000","106,261,727","3,934,182",443,158,,,,,,,,,
littleangel84,Female,31,Single,157,,2020,12/17/2020,"4,500","1,709,417","673,059",363,5,,,,,,,,,
AprilEighteen,Female,21,Taken,,,2018,2/17/2018,"431,000","184,045,442","9,496,545",392,34,,,,,,,,,
Sammi Starfish,Female,40,Taken,157,68,2020,2/17/2020,"18,000","5,230,686","928,117",420,54,142,,,,,,,,
JuicyJ1995,Female,19,Open,,,2019,2/17/2019,"67,100","61,578,318","2,001,780",419,354,30,,,,,,,,
hornylily,Female,29,Taken,160,54,2015,2/17/2015,"56,800","67,537,625","2,862,920",412,305,69,,,,,,,,
RichardSutherland,Male,25,Open,190,12,2015,2/17/2015,"130,000","136,333,135","8,409,590",396,56,,,,,,,,,
homemade18,Male,21,Open,,,2014,2/17/2014,"132,000","78,221,710","4,401,905",411,18,,,,,,,,,
Kyle Smith,Couple,24,Taken,180,70,2019,2/17/2019,"35,500","32,349,161","1,735,430",416,284,5,,,,,,,,
GabyFerrer,Female,21,Single,152,,2020,2/17/2020,"93,200","38,665,899","10,254,787",410,26,39,,,,,,,,
prettyevil666,Couple,23,Taken,170,54,2020,2/17/2020,"23,000","7,823,955","798,492",476,26,,,,,,,,,
Saori Hotwife,Female,30,Taken,167,53,2017,2/17/2017,"27,500","14,541,288","973,677",430,109,4,,,,,,,,
Otta Koi,Couple,29,Open,,,2020,2/17/2020,"20,600","14,930,668","568,323",429,39,26,,,,,,,,
Adeline Murphy,Couple,31,Single,180,,2019,2/17/2019,"16,000","2,641,078","544,336",421,43,4,,,,,,,,
MikeJessCB,Couple,26,Taken,165,53,2019,2/17/2019,"66,300","33,482,333","2,126,962",423,66,3,,,,,,,,
Booty Queen,Female,25,Single,,,2020,6/17/2020,"6,300","2,041,714","440,989",417,53,,,,,,,,,
AliceBong Cosplay,Female,24,Open,,,2020,2/17/2020,"38,600","2,822,684","1,077,667",395,126,59,,,,,,,,
Ruda Cat,Couple,28,Taken,165,,2020,6/17/2020,"17,300","7,716,266","564,152",399,34,10,,,,,,,,
Madison Wilde,Female,20,Taken,157,52,2019,2/17/2019,"31,000","8,027,474","1,972,687",426,44,,,,,,,,,
Taty Purple,Female,24,Taken,,,2020,8/17/2020,"23,300","3,487,001","859,500",436,5,3,,,,,,,,
redkittycat,Couple,19,Taken,,,2020,2/17/2020,"48,500","8,779,619","2,067,829",434,19,4,,,,,,,,
MrsVictoria,Couple,25,Taken,,,2020,4/17/2020,"57,600","23,326,826","3,089,443",431,41,1,,,,,,,,
suzukiakane,Female,20,Single,149,,2020,3/17/2020,"25,000","2,392,555","1,376,121",413,37,,,,,,,,,
JoyStickCinema,Couple,35,Taken,,,2020,2/17/2020,"7,900","8,139,518","3,206,268",441,531,,,,,,,,,
Rainbowslut,Couple,26,Open,162,52,2018,2/17/2018,"40,000","6,792,428","1,256,805",424,45,43,,,,,,,,
Blonde Ale,Female,20,Open,175,,2019,2/17/2019,"36,100","7,779,936","849,717",440,59,23,,,,,,,,
innocent emmy,Female,20,Single,121,52,2020,2/17/2020,"12,300","21,195,886","615,294",437,52,19,,,,,,,,
sexcouple69,Couple,18,Open,,,2018,2/17/2018,"117,000","40,039,621","3,080,221",462,19,40,,,,,,,,
Lina Moore,Couple,21,Taken,165,,2020,6/17/2020,"27,200","2,809,518","702,828",433,131,6,,,,,,,,
Ana CHAUDE,Couple,26,Taken,154,51,2019,2/17/2019,"28,300","8,264,323","925,946",435,51,7,,,,,,,,
Anny Walker,Couple,18,Taken,165,,2020,5/17/2020,"27,300","4,024,109","815,526",457,19,6,,,,,,,,
Antonio Suleiman,Male,25,Single,,,2017,2/17/2017,"4,600","1,390,193","650,498",454,8,48,,,,,,,,
CreamPinay69,Couple,21,Taken,,,2019,2/17/2019,"28,300","26,334,503","2,150,748",418,23,4,,,,,,,,
BootyASS Girl,Couple,19,Open,170,,2020,2/17/2020,"21,100","6,176,697","930,174",439,36,36,,,,,,,,
Elin Flame,Female,21,Single,175,47,2020,2/17/2020,"101,000","10,490,365","2,620,140",453,7,9,,,,,,,,
Haruka X Ryo,Couple,24,Taken,,,2020,2/17/2020,"25,000","7,657,963","2,047,646",474,40,,,,,,,,,
venusflyytrapp,Female,25,Single,,,2019,2/17/2019,"10,000","1,110,546","415,006",425,12,16,,,,,,,,
lexieXmarc,Couple,35,Taken,175,,2020,2/17/2020,"34,600","17,351,965","1,385,568",449,45,12,,,,,,,,
Dayanna Sweet,Female,25,Single,162,48,2020,2/17/2020,"11,900","2,224,730","483,436",464,25,5,,,,,,,,
Thaipornhuber,Couple,31,Single,,,2020,5/17/2020,"20,300","19,017,879","1,520,774",468,48,20,,,,,,,,
ShibbySays,Female,33,Open,,,2017,2/17/2017,"9,500","2,122,463","648,381",438,77,6,,,,,,,,
sweetkiarita666,Female,22,Single,,,2020,2/17/2020,"30,000","10,451,234","1,218,745",467,55,28,,,,,,,,
Valerie Ann,Female,21,Single,154,49,2020,2/17/2020,"8,000","452,225","211,538",471,58,23,,,,,,,,
BananaCreamMuffin,Couple,25,Open,162,48,2020,2/17/2020,"32,900","6,381,201","965,038",459,46,7,,,,,,,,
Dirty Lady,Couple,35,Open,165,51,2017,2/17/2017,"93,400","92,861,120","3,460,105",442,526,71,,,,,,,,
Emma Choice,Female,22,Single,,,2018,2/17/2018,"34,000","3,658,350","1,226,696",461,7,,,,,,,,,
Billy Rawn,Male,28,Single,180,95,2019,2/17/2019,"11,800","12,939,753","803,653",448,79,6,,,,,,,,
KittenDaddy,Male,25,Open,,,2016,2/17/2016,"56,100","38,623,466","2,379,671",452,296,65,,,,,,,,
HandsomeBen,Male,22,Open,182,73,2019,2/17/2019,"13,300","12,292,083","1,216,984",470,300,1,,,,,,,,
AgentRedGirl,Female,25,Taken,,,2017,2/17/2017,"38,600","32,337,802","3,841,271",456,23,,,,,,,,,
MadeleineMorales,Female,24,Single,160,52,2020,2/17/2020,"27,800","5,913,733","1,330,243",477,23,19,,,,,,,,
Amy Day,Female,34,Open,157,,2018,2/17/2018,"41,100","41,865,520","1,745,925",447,44,5,,,,,,,,
Lena Rica,Female,20,Taken,,,2020,2/17/2020,"13,000","7,088,027","807,291",458,222,15,,,,,,,,
Anya Hanisa,Couple,23,Taken,167,,2020,11/17/2020,"2,600","1,701,939","352,429",450,34,9,,,,,,,,
KatieAdams,Female,23,Single,160,55,2020,2/17/2020,"85,600","24,923,133","4,251,449",466,100,11,,,,,,,,
LeoKleo,Couple,25,Taken,165,54,2020,2/17/2020,"37,800","35,530,635","2,475,675",472,78,13,,,,,,,,
Sexy Jill,Couple,20,Open,,,2019,2/17/2019,"22,700","15,749,567","1,492,059",451,102,20,,,,,,,,
akari1089,Female,25,Single,160,48,2020,4/17/2020,"38,800","16,724,267","1,371,912",460,51,,,,,,,,,
SexyAnomi,Female,31,Taken,,,2020,7/17/2020,"2,900","5,704,590","120,032",427,18,,,,,,,,,
Mailboxdiary,Female,23,Single,,,2020,9/17/2020,"9,400","6,688,219","1,247,805",501,23,11,,,,,,,,
rubieandmax,Couple,21,Taken,,,2020,2/17/2020,"31,000","5,236,462","1,346,413",475,19,,,,,,,,,
Taylor Noir,Female,25,Open,157,48,2019,2/17/2019,"32,600","3,984,446","877,891",473,21,56,,,,,,,,
Calia Qadehs,Female,30,Open,152,41,2017,2/17/2017,"7,900","2,068,748","582,606",485,43,,,,,,,,,
vanillaandcaramel,Couple,24,Single,,,2020,2/17/2020,"24,200","5,383,934","949,564",484,120,29,,,,,,,,
melanyrosse,Female,22,Single,,,2020,8/17/2020,"57,000","6,100,172","457,806",490,187,2,,,,,,,,
BeckyWhyte,Couple,22,Single,154,48,2019,2/17/2019,"67,200","30,821,827","2,748,709",478,184,44,,,,,,,,
Miko Kurozuki,Female,25,Taken,160,43,2020,6/17/2020,"21,700","4,635,769","862,072",469,23,20,,,,,,,,
Raven Ivee,Female,22,Taken,154,49,2019,2/17/2019,"47,000","7,976,254","1,363,217",480,43,60,,,,,,,,
creamyfamous,Female,29,Single,,,2020,7/17/2020,"14,900","5,555,375","557,051",481,53,,,,,,,,,
hotcouplelovelysex,Couple,33,Taken,165,57,2017,2/17/2017,"37,200","18,594,955","1,651,962",482,117,31,,,,,,,,
PeachMaso,Couple,33,Open,,,2020,2/17/2020,"57,500","6,311,497","1,183,896",445,19,1,,,,,,,,
stormy,Female,24,Single,157,34,2017,2/17/2017,"38,000","6,975,422","1,340,885",465,37,4,,,,,,,,
WettMelons,Couple,20,Taken,157,52,2021,1/17/2021,"23,100","3,666,764","868,672",226,9,,,,,,,,,
Anna Blaze,Non-Binary,21,Single,,,2020,2/17/2020,"15,800","1,130,319","629,641",495,4,,,,,,,,,
TheSweetestThing,Female,21,Single,170,61,2020,2/17/2020,"21,200","3,887,046","727,880",487,83,14,,,,,,,,
Brittany Lynn,Female,31,Single,165,54,2015,2/17/2015,"46,900","49,036,624","1,550,092",486,126,366,,,,,,,,
cosmicbroccoli,Couple,30,Taken,170,59,2020,2/17/2020,"21,600","6,638,385","1,045,439",504,23,,,,,,,,,
AydenPOV,Trans Man,23,Single,,,2019,2/17/2019,"28,700","16,003,056","1,776,037",499,35,14,,,,,,,,
BbwThaixxx,Male,28,Single,,,2019,2/17/2019,"22,500","10,572,605","1,067,240",497,207,10,,,,,,,,
Jessie St Claire,Female,27,Single,157,52,2020,6/17/2020,"16,800","2,505,751","727,775",512,19,6,,,,,,,,
Robin lovely,Male,25,Taken,,,2019,2/17/2019,"86,300","16,864,122","3,333,108",498,59,,,,,,,,,
Blackpantherxxx,Male,32,Single,,,2019,2/17/2019,"15,200","6,387,305","768,716",493,66,,,,,,,,,
xcaligula,Female,36,Taken,165,,2014,2/17/2014,"121,000","173,982,897","3,219,970",488,140,,,,,,,,,
JayJadeMoon,Couple,27,Taken,,,2019,2/17/2019,"40,000","10,837,673","1,384,962",494,105,35,,,,,,,,
Madison Marie,Female,28,Single,167,68,2020,2/17/2020,"6,600","967,315","782,068",545,14,2,,,,,,,,
Mia kalifa,Other,23,Single,109,33,2020,2/17/2020,495,495,"40,683",463,,16,,,,,,,,
Porosella,Couple,26,Open,167,57,2020,2/17/2020,"43,200","39,346,787","1,867,882",510,40,2,,,,,,,,
sex4charity,Couple,31,Taken,,,2016,2/17/2016,"51,200","47,235,572","2,109,492",496,292,3,,,,,,,,
onehourcouple,Couple,37,Taken,,,2020,2/17/2020,"11,800","3,055,632","549,888",503,50,2,,,,,,,,
JustinConrad,Male,27,Single,172,58,2019,2/17/2019,"30,300","11,494,704","1,565,989",515,166,38,,,,,,,,
IsThatPapi,Female,30,Taken,,,2020,2/17/2020,"15,700","20,163,420","1,138,157",492,160,18,,,,,,,,
Keokistar,Female,27,Single,165,45,2019,2/17/2019,"53,700","12,573,931","1,757,439",489,63,38,,,,,,,,
Marie Kaefer,Female,31,Taken,,,2018,2/17/2018,"34,400","16,416,969","1,975,448",508,74,36,,,,,,,,
mvngokitty,Female,21,Single,,,2020,2/17/2020,"31,200","3,764,348","1,262,068",506,15,27,,,,,,,,
Charlie Liveshow,Female,40,Taken,162,57,2014,2/17/2014,"13,200","8,664,745","921,176",522,293,44,,,,,,,,
Andrea Garcia,Female,40,Single,165,,2020,2/17/2020,"2,700","762,637","263,914",507,131,96,,,,,,,,
jadeenasty,Female,20,Taken,,,2020,2/17/2020,"36,700","8,107,300","1,509,852",509,89,16,,,,,,,,
Jasmine J,Female,24,Open,162,50,2020,10/17/2020,"9,800","719,165","291,670",483,12,9,,,,,,,,
bushstroke,Female,30,Single,170,58,2020,2/17/2020,"20,900","6,245,099","1,033,668",505,52,4,,,,,,,,
Princess Rene,Female,,Single,,,2019,2/17/2019,"7,700","6,257,548","243,771",502,109,11,,,,,,,,
SexysHomeMade,Female,19,Single,170,59,2020,3/17/2020,"40,900","24,838,251","2,784,236",516,98,15,,,,,,,,
Haley420,Female,24,Single,162,44,2018,2/17/2018,"11,800","3,716,590","866,735",514,5,10,,,,,,,,
Ms Fine,Couple,41,Taken,167,49,2020,2/17/2020,"20,800","4,256,132","574,014",513,87,41,,,,,,,,
CocoaVSvanilla,Couple,27,Taken,,,2020,2/17/2020,"37,800","9,798,401","1,896,965",524,154,7,,,,,,,,
BaristaBabe8,Female,22,Taken,157,54,2019,2/17/2019,"35,000","8,745,542","1,332,735",520,35,9,,,,,,,,
Cristall Gloss,Couple,27,Open,162,70,2019,2/17/2019,"41,600","13,753,608","1,130,820",491,79,27,,,,,,,,
Evie Davis,Female,25,Single,,,2020,2/17/2020,"24,100","2,709,893","817,560",526,26,2,,,,,,,,
deutsche amateure,Male,37,Single,,,2020,12/17/2020,440,"227,918","36,141",525,15,,,,,,,,,
Target Girl,Female,22,Open,,,2019,2/17/2019,"33,400","4,027,732","999,098",519,53,,,,,,,,,
Saint Ziya,Female,22,Single,,,2020,2/17/2020,"24,700","3,179,448","825,537",530,17,,,,,,,,,
Ariana Skyy,Couple,24,Open,167,54,2020,2/17/2020,"35,000","21,979,804","2,361,451",523,41,,,,,,,,,
Princess Cum,Female,22,Single,,,2020,2/17/2020,"3,100","5,414","270,350",548,3,3,,,,,,,,
LittleMelon,Couple,22,Taken,157,,2020,5/17/2020,"37,100","41,841,354","979,123",527,68,2,,,,,,,,
Gia Derza,Female,22,Single,,,2020,2/17/2020,"5,400","41,332","161,417",537,1,,,,,,,,,
Barbie Rivas,Female,20,Single,142,33,2019,2/17/2019,"6,500","1,300,977","392,960",511,26,8,,,,,,,,
LolitasStar,Female,23,Single,165,51,2017,2/17/2017,"173,000","5,780,226","3,319,468",532,30,18,,,,,,,,
ljforeplay,Couple,28,Taken,170,,2017,2/17/2017,"38,700","14,961,369","1,222,905",528,327,278,,,,,,,,
HentaiGames4U,Male,24,Single,,,2020,2/17/2020,"24,800","18,715,996","2,150,846",517,858,,,,,,,,,
Vegan Papi,Male,19,Taken,,,2018,2/17/2018,"11,500","761,180","804,252",533,18,,,,,,,,,
Ibicella,Female,25,Single,,,2018,2/17/2018,"8,500","3,569,034","727,233",531,14,3,,,,,,,,
Lady WOW,Couple,29,Taken,,,2019,2/17/2019,"67,300","30,677,910","1,792,426",518,65,,,,,,,,,
nbnabunny,Other,23,Single,185,60,2020,2/17/2020,"60,200","10,698,672","2,307,211",539,55,30,,,,,,,,
The Cream Machine,Female,28,Taken,157,59,2019,2/17/2019,"40,300","13,357,110","1,599,282",544,85,68,,,,,,,,
Joanna Bailess,Couple,20,Taken,170,53,2020,4/17/2020,"13,200","2,489,436","634,110",580,33,23,,,,,,,,
SadieSwoon,Female,19,Open,167,52,2019,2/17/2019,"208,000","176,221,186","8,143,815",521,51,,,,,,,,,
Cherry Ass,Female,29,Single,157,52,2020,2/17/2020,"11,100","2,562,892","548,459",538,180,9,,,,,,,,
Kesha Guzman,Couple,21,Open,160,57,2019,2/17/2019,"6,400","709,401","277,178",905,25,40,,,,,,,,
Mila Garcia,Female,29,Single,149,49,2019,2/17/2019,"7,800","941,791","369,024",549,28,28,,,,,,,,
hotkralya,Couple,30,Taken,160,42,2020,2/17/2020,"24,800","11,078,199","650,848",547,154,2,,,,,,,,
Belle Rose,Female,19,Single,165,86,2020,2/17/2020,"23,300","3,334,057","696,431",541,87,6,,,,,,,,
Mandy Foxxx,Female,26,Single,170,,2017,2/17/2017,"26,900","4,969,741","934,296",553,157,15,,,,,,,,
VaryanaYT,Female,21,Single,,,2020,11/17/2020,"5,600","1,260,095","276,805",536,83,,,,,,,,,
anduwuby,Couple,20,Taken,,,2020,2/17/2020,"32,900","3,931,259","1,211,854",551,12,1,,,,,,,,
daily8,Couple,,Taken,,,2019,2/17/2019,"24,100","10,827,926","1,471,026",552,78,1,,,,,,,,
ParrotGirl,Couple,24,Taken,167,56,2020,2/17/2020,"21,700","3,899,562","595,614",550,78,2,,,,,,,,
Amber Blank,Couple,33,Taken,,,2019,2/17/2019,"13,000","1,083,763","322,534",561,18,,,,,,,,,
Mira Lime,Female,21,Open,167,50,2019,2/17/2019,"54,800","25,806,453","1,845,266",540,54,16,,,,,,,,
BeaYork,Female,32,Single,157,68,2018,2/17/2018,"68,000","16,668,122","2,027,088",529,448,303,,,,,,,,
Brickbabe,Female,51,Open,,,2017,2/17/2017,"57,600","12,000,694","1,245,780",534,129,,,,,,,,,
YuzuKitty,Female,20,Taken,162,45,2020,6/17/2020,"37,200","1,541,321","468,486",500,10,3,,,,,,,,
Alisa Lovely,Female,29,Open,167,,2019,2/17/2019,"31,800","17,218,813","866,621",554,105,85,,,,,,,,
luxurious boy,Male,30,Single,175,77,2020,5/17/2020,"9,200","4,724,053","307,505",543,109,2,,,,,,,,
VampireCollective,Female,26,Taken,,,2016,2/17/2016,"119,000","52,773,269","3,459,871",566,16,5,,,,,,,,
Melody Radford,Female,30,Open,,,2020,2/17/2020,"9,100","1,441,593","380,215",555,122,124,,,,,,,,
Dahyn1,Female,22,Single,,,2020,6/17/2020,"14,500","6,181,383","757,632",557,36,,,,,,,,,
Ella Knox,Female,27,Single,,,2019,2/17/2019,"13,400","534,242","292,380",558,1,,,,,,,,,
The CUMbustables,Couple,30,Taken,154,54,2018,2/17/2018,"37,600","17,238,583","1,437,469",573,77,5,,,,,,,,
SanyAny,Couple,23,Taken,157,54,2019,2/17/2019,"28,000","15,028,617","1,136,273",568,139,14,,,,,,,,
Emma Modric,Couple,23,Open,175,52,2019,2/17/2019,"40,200","14,544,778","1,249,301",567,93,10,,,,,,,,
OpheliasDream,Female,31,Taken,,,2019,2/17/2019,"20,000","4,011,635","758,885",572,69,1,,,,,,,,
Petite Alexis,Female,21,Taken,149,45,2019,2/17/2019,"85,600","9,361,061","2,221,730",562,17,7,,,,,,,,
ChaitongYingpeant,Couple,26,Open,,,2019,2/17/2019,"24,300","11,670,072","2,150,551",616,58,45,,,,,,,,
velvetveronica,Female,30,Taken,175,59,2019,2/17/2019,"60,400","40,888,545","3,632,851",535,102,36,,,,,,,,
KittyBeGood,Couple,24,Open,162,,2019,2/17/2019,"39,800","17,479,682","1,279,848",559,56,13,,,,,,,,
Fashion Diary,Couple,32,Taken,162,39,2020,6/17/2020,"3,300","1,295,532","340,869",563,134,,,,,,,,,
MariaaSkyy,Female,23,Single,154,47,2020,2/17/2020,"36,400","6,167,241","1,470,276",578,33,11,,,,,,,,
CasalAventura,Couple,37,Open,160,49,2019,2/17/2019,"23,700","12,056,528","1,043,370",570,67,20,,,,,,,,
CreamyBrownGirl,Couple,19,Taken,152,,2020,2/17/2020,"16,000","4,612,716","1,140,591",560,25,1,,,,,,,,
Ivy Secret,Female,32,Taken,180,66,2019,2/17/2019,"6,600","1,798,919","227,929",574,24,32,,,,,,,,
Lily Cruz,Female,20,Single,,,2020,5/17/2020,"7,600","1,685,436","369,862",571,12,,,,,,,,,
furystrikesback,Female,38,Taken,,,2013,2/17/2013,"63,600","53,178,493","1,254,473",592,134,128,,,,,,,,
xtrade0064,Male,28,Taken,,,2019,2/17/2019,"21,500","20,824,645","617,761",587,156,,,,,,,,,
MrNastyy52,Male,30,Open,185,,2019,2/17/2019,"22,000","14,035,249","1,529,075",599,257,3,,,,,,,,
April BigAss,Couple,22,Open,,,2020,2/17/2020,"29,900","12,742,222","1,138,015",585,98,33,,,,,,,,
Alyx Star,Female,22,Single,,,2020,4/17/2020,"9,700","1,575,314","522,691",569,14,,,,,,,,,
PoppyPeach20,Female,19,Taken,,,2020,12/17/2020,"5,300","408,311","681,396",582,2,,,,,,,,,
Aliya Aural,Female,26,Open,160,50,2020,2/17/2020,"33,800","4,508,932","1,159,372",598,14,76,,,,,,,,
Kira Green,Couple,20,Open,,,2020,2/17/2020,"18,800","1,755,170","462,847",595,114,5,,,,,,,,
ThePerfectCpl,Couple,25,Taken,165,50,2018,2/17/2018,"116,000","70,509,310","2,590,409",584,27,,,,,,,,,
WetAznPussy,Couple,38,Taken,,,2020,2/17/2020,"27,100","5,959,515","803,939",565,64,27,,,,,,,,
Sweet Mia,Couple,31,Open,,,2019,2/17/2019,"38,200","14,958,714","1,062,337",577,82,2,,,,,,,,
Catinred,Female,29,Open,167,63,2020,2/17/2020,"20,800","39,060,151","1,032,009",596,73,45,,,,,,,,
herF4bidnSins,Couple,38,Taken,185,75,2017,2/17/2017,"32,300","22,115,464","1,540,401",614,515,5,,,,,,,,
HONEY CAKEZ,Couple,28,Taken,165,77,2020,6/17/2020,"16,500","5,234,026","757,718",606,11,,,,,,,,,
EvaSergio,Couple,33,Taken,162,,2020,7/17/2020,"11,800","3,871,673","639,393",586,55,1,,,,,,,,
Skudd,Male,,Single,,,2019,2/17/2019,"31,900","658,926","2,660,153",579,10,,,,,,,,,
Harley Blaze,Female,27,Single,,,2020,2/17/2020,"8,200","614,039","273,102",564,56,147,,,,,,,,
Poolbearzporn,Couple,27,Taken,177,33,2020,2/17/2020,"37,500","8,753,690","1,216,482",610,88,34,,,,,,,,
BoundHoneys,Female,21,Single,165,,2018,2/17/2018,"15,400","18,504,377","803,115",583,79,34,,,,,,,,
Fluffy Bunny,Female,24,Single,162,84,2019,2/17/2019,"18,800","4,774,627","657,309",581,191,11,,,,,,,,
bubblebumbutt,Male,70,Taken,,,2017,2/17/2017,"42,200","16,035,624","2,117,190",589,64,32,,,,,,,,
Freya Lasirenn,Female,22,Open,160,51,2020,2/17/2020,"36,900","5,837,559","1,226,824",617,24,2,,,,,,,,
SexyHippies,Couple,35,Open,180,70,2017,2/17/2017,"32,500","12,627,326","1,916,297",590,89,54,,,,,,,,
ZlataShine,Female,23,Single,175,65,2020,5/17/2020,"26,400","19,530,605","1,327,265",624,43,22,,,,,,,,
slaveBC,Female,23,Taken,177,73,2018,2/17/2018,"26,800","4,132,122","1,047,528",594,62,91,,,,,,,,
Brooklyn Rivers,Couple,27,Taken,,,2019,2/17/2019,"56,800","13,179,737","1,482,294",593,48,10,,,,,,,,
Sharing is Caring,Male,37,Open,193,91,2016,2/17/2016,"9,400","2,911,343","361,827",576,55,,,,,,,,,
lolyamateur,Female,44,Single,165,50,2019,2/17/2019,"33,900","32,463,096","1,155,869",608,231,13,,,,,,,,
hyperversos,Female,29,Open,165,65,2020,2/17/2020,"15,500","14,976,019","1,379,638",609,461,53,,,,,,,,
Flash Gordon,Couple,27,Taken,,,2019,2/17/2019,"30,300","9,667,285","912,727",612,184,6,,,,,,,,
Carmen Cash,Female,22,Single,167,59,2020,10/17/2020,"14,100","7,049,034","1,153,434",603,28,3,,,,,,,,
Always Massive,Couple,,Taken,,,2019,2/17/2019,"48,500","16,680,130","1,284,670",602,123,20,,,,,,,,
Sammy Corazon,Couple,22,Taken,162,49,2020,2/17/2020,"9,700","4,908,320","415,741",607,80,32,,,,,,,,
Lanae Brielle,Female,22,Taken,,,2020,2/17/2020,"18,200","5,927,059","1,121,700",605,7,9,,,,,,,,
Jessie Wolfe,Female,30,Open,157,52,2019,2/17/2019,"36,900","6,766,554","1,226,570",601,109,23,,,,,,,,
MollyRot,Female,21,Taken,,,2020,6/17/2020,"1,900","50,514","92,134",778,2,1,,,,,,,,
tusspuss,Couple,28,Taken,157,45,2015,2/17/2015,"43,700","68,835,856","1,663,831",604,185,6,,,,,,,,
ShantelDee,Female,32,Open,162,59,2020,2/17/2020,"64,900","22,110,834","3,318,694",542,76,46,,,,,,,,
Stella Bianca,Female,22,Taken,160,50,2019,2/17/2019,"18,300","5,346,186","682,828",681,77,1,,,,,,,,
Mia Marie,Female,20,Single,162,46,2020,5/17/2020,"13,300","1,343,566","378,040",591,11,14,,,,,,,,
agaxmadej,Couple,22,Open,177,35,2020,11/17/2020,"2,700","1,199,963","262,954",888,36,1,,,,,,,,
BbyBiancaRose,Female,26,Taken,175,64,2020,7/17/2020,"13,800","2,750,303","623,219",626,40,40,,,,,,,,
NapkinDeficiency,Couple,27,Taken,,,2020,6/17/2020,"23,100","3,418,759","614,372",644,75,,,,,,,,,
Indigo Sin,Couple,41,Taken,,,2017,2/17/2017,"23,900","8,341,113","645,391",615,43,,,,,,,,,
Ava Belle,Couple,21,Taken,170,52,2020,8/17/2020,"4,300","1,015,205","193,997",575,24,5,,,,,,,,
AylaEXPOSED,Female,29,Taken,167,66,2017,2/17/2017,"58,000","24,737,561","1,346,995",630,46,,,,,,,,,
sara blonde,Non-Binary,21,Open,160,50,2020,8/17/2020,"3,300","713,682","197,273",634,24,88,,,,,,,,
Cherry Acid,Female,23,Single,,,2020,2/17/2020,"17,200","2,264,653","394,146",619,53,21,,,,,,,,
Melody Cheeks,Female,31,Taken,165,70,2020,6/17/2020,"16,700","3,999,140","776,711",618,41,3,,,,,,,,
Bree Louise,Female,19,Single,,,2020,2/17/2020,"25,200","1,413,632","2,122,367",625,8,,,,,,,,,
Mochii Babii,Female,23,Open,157,,2020,5/17/2020,"3,100","507,455","349,036",620,4,106,,,,,,,,
prettyevil,Couple,23,Taken,175,56,2018,2/17/2018,"47,600","10,865,250","1,239,029",641,69,57,,,,,,,,
Vivi Lavish,Female,24,Taken,167,52,2018,2/17/2018,"79,800","48,170,402","2,482,923",627,71,3,,,,,,,,
NyRieux,Female,51,Single,157,77,2019,2/17/2019,"72,100","11,433,293","1,356,912",629,73,,,,,,,,,
ThaiNoLimit,Couple,29,Single,,,2020,5/17/2020,"13,500","15,038,377","811,216",638,31,18,,,,,,,,
Kjuicie,Female,27,Open,162,61,2019,2/17/2019,"21,900","5,036,411","886,194",632,92,,,,,,,,,
MarValStudio,Couple,32,Open,170,60,2019,2/17/2019,"28,000","29,093,065","1,252,803",652,107,37,,,,,,,,
hopelesssofrantic,Female,24,Open,,,2019,2/17/2019,"19,100","7,212,527","920,581",650,15,,,,,,,,,
Amy Grand,Couple,21,Open,170,50,2020,2/17/2020,"22,800","4,983,811","497,431",623,35,,,,,,,,,
Kristal Ass,Couple,29,Open,,,2019,2/17/2019,"44,100","12,691,289","1,585,894",654,53,4,,,,,,,,
Magretta Dering,Female,31,Open,167,49,2018,2/17/2018,"42,900","17,232,146","1,604,928",622,181,,,,,,,,,
LittleMissLulu,Couple,20,Taken,165,,2020,4/17/2020,"6,100","1,102,956","358,960",628,31,3,,,,,,,,
YourCoupleLove,Couple,26,Taken,165,,2020,6/17/2020,"11,700","6,423,095","816,807",667,27,,,,,,,,,
Miss Susan,Couple,26,Open,172,55,2016,2/17/2016,"51,600","38,926,564","1,357,558",639,114,1,,,,,,,,
Tony Caliano,Male,36,Single,172,66,2020,2/17/2020,"11,300","7,636,554","943,129",631,42,,,,,,,,,
Manuela Sweet,Couple,25,Single,167,,2019,2/17/2019,"9,100","2,091,423","1,007,828",653,32,17,,,,,,,,
Barbi Blu,Female,22,Single,157,50,2020,2/17/2020,"65,200","8,378,300","1,115,821",633,48,14,,,,,,,,
BeachBlonDDe,Female,23,Taken,167,,2020,2/17/2020,"20,500","5,199,887","904,037",664,35,3,,,,,,,,
caroline princess,Female,25,Taken,152,51,2020,2/17/2020,"6,000","1,259,754","471,435",669,9,,,,,,,,,
FunAussieCouple,Couple,101,Taken,,,2018,2/17/2018,"8,800","4,496,072","829,688",643,116,93,,,,,,,,
Ash Kash,Female,25,Single,,,2019,2/17/2019,757,"24,456","246,798",613,5,,,,,,,,,
JPNanababy,Female,27,Single,170,47,2020,8/17/2020,"22,100","2,306,159","430,128",597,27,2,,,,,,,,
MsSophiaxx,Couple,23,Taken,152,39,2020,4/17/2020,"16,500","3,257,131","655,903",621,92,,,,,,,,,
Neyla Kimy,Female,25,Single,,,2020,2/17/2020,"15,600","8,431,263","979,367",642,60,9,,,,,,,,
JosephhandLiz,Couple,23,Taken,,,2019,2/17/2019,"59,900","21,738,981","2,611,865",666,26,1,,,,,,,,
morningporn,Couple,49,Taken,,,2018,2/17/2018,"14,100","11,671,586","671,964",640,163,,,,,,,,,
That TX Couple,Male,26,Taken,,,2016,2/17/2016,"78,500","69,980,932","3,579,382",637,35,2,,,,,,,,
Haylee Love,Female,30,Open,,,2020,9/17/2020,"8,000","1,164,329","293,859",663,141,356,,,,,,,,
sskok16,Couple,25,Taken,182,38,2020,6/17/2020,"15,300","9,915,588","684,880",635,47,,,,,,,,,
AryaHoles,Couple,26,Open,170,50,2018,2/17/2018,"144,000","99,050,832","3,427,196",658,77,4,,,,,,,,
Nicky Ferrari,Female,41,Single,,,2015,2/17/2015,"4,200","2,085,450","297,203",660,36,1,,,,,,,,
MrWolfNMrsRedHood,Couple,22,Single,,,2020,3/17/2020,"14,000","4,996,812","670,187",647,52,,,,,,,,,
ALEXISxJAMES,Couple,21,Taken,,,2020,2/17/2020,"35,000","10,317,756","1,366,833",673,92,,,,,,,,,
Miss Jenny,Female,23,Single,157,33,2020,2/17/2020,"11,400","22,207,136","850,381",668,481,16,,,,,,,,
Brad Sample,Male,29,Taken,,,2020,2/17/2020,"19,400","6,418,743","929,534",651,63,,,,,,,,,
Cheating Wife,Male,32,Open,,,2020,2/17/2020,"5,300","1,285,625","326,245",672,84,,,,,,,,,
Briar Riley,Female,22,Single,154,47,2020,2/17/2020,"27,100","4,306,692","1,661,937",674,33,6,,,,,,,,
Millie Millz,Female,25,Single,165,61,2020,2/17/2020,"32,300","2,827,620","754,602",696,26,84,,,,,,,,
Lucky Lacie,Couple,35,Taken,175,70,2020,8/17/2020,"9,200","1,677,837","324,010",645,115,,,,,,,,,
itsjahanx,Male,26,Single,195,86,2016,2/17/2016,"44,000","20,455,271","1,828,656",689,79,,,,,,,,,
PieAllTheTime,Female,22,Open,160,48,2019,2/17/2019,"31,000","4,370,295","978,354",661,53,48,,,,,,,,
Frameless,Couple,30,Open,157,49,2017,2/17/2017,"24,300","16,454,492","1,140,613",655,76,,,,,,,,,
Chroniclove,Female,26,Taken,,,2018,2/17/2018,"20,200","10,737,429","564,294",671,70,1,,,,,,,,
Ipledgeallegiance,Couple,35,Taken,175,72,2020,2/17/2020,"13,500","2,846,068","500,034",700,71,,,,,,,,,
Sophia Lee,Female,21,Taken,127,43,2020,2/17/2020,"10,200","3,451,348","347,709",690,36,3,,,,,,,,
Cute Mary,Female,25,Open,165,45,2019,2/17/2019,"36,000","36,407,031","1,565,111",688,76,18,,,,,,,,
Mia Mercy,Female,22,Single,,,2019,2/17/2019,"13,700","1,080,615","770,223",692,7,4,,,,,,,,
No1syG,Male,23,Single,,,2020,2/17/2020,"38,400","1,868,173","892,275",659,19,,,,,,,,,
Lavender Joy,Female,20,Open,160,55,2020,8/17/2020,"6,600","1,385,413","223,315",648,36,7,,,,,,,,
HunterXofficial,Male,38,Single,170,75,2020,2/17/2020,"23,500","17,764,455","2,099,234",683,42,2,,,,,,,,
HungryMother,Female,30,Open,,,2019,2/17/2019,"20,600","15,954,870","943,909",684,59,4,,,,,,,,
Kukina Squirt,Couple,33,Taken,172,60,2020,2/17/2020,"31,500","20,472,729","1,317,513",686,76,3,,,,,,,,
Kuweni Devi,Couple,23,Open,167,53,2020,8/17/2020,"4,600","2,598,281","516,505",685,23,17,,,,,,,,
WarAndLovers,Couple,23,Open,170,35,2020,2/17/2020,"11,800","2,785,925","510,995",677,71,4,,,,,,,,
NataliFiction,Couple,29,Open,,,2018,2/17/2018,"102,000","29,618,648","2,294,356",675,180,,,,,,,,,
Purity Sin,Female,24,Single,,,2017,2/17/2017,"7,600","4,525,916","1,224,878",656,580,,,,,,,,,
Vel Miller,Male,18,Open,195,,2019,2/17/2019,"7,400","8,144,434","337,398",662,82,,,,,,,,,
Fallon Fairbanks,Female,27,Single,167,61,2019,2/17/2019,"18,700","4,708,812","723,651",665,126,207,,,,,,,,
Megan Taylor,Male,21,Single,,,2020,2/17/2020,"16,800","4,492,105","855,484",679,27,,,,,,,,,
Dear Osca,Female,21,Taken,167,,2019,2/17/2019,"19,000","8,704,763","802,670",682,58,,,,,,,,,
MelancholyChill,Male,20,Single,185,79,2019,2/17/2019,"29,700","11,542,060","1,400,170",687,51,,,,,,,,,
SlavicFun,Couple,28,Taken,172,54,2020,2/17/2020,"31,200","4,592,064","829,169",698,64,1,,,,,,,,
Emerald Ethereal,Female,24,Single,172,50,2018,2/17/2018,"44,100","16,055,650","1,463,553",706,373,4,,,,,,,,
1thelma,Couple,33,Taken,160,47,2018,2/17/2018,"37,000","21,335,844","1,248,985",676,298,22,,,,,,,,
Aza Elise,Female,29,Taken,167,84,2019,2/17/2019,"19,300","4,692,273","991,961",707,65,27,,,,,,,,
anotherhornycouple,Couple,25,Taken,157,50,2018,2/17/2018,"20,300","15,000,034","1,121,408",699,35,2,,,,,,,,
Alice Shot,Female,24,Open,160,50,2020,8/17/2020,"14,500","710,739","274,318",702,11,8,,,,,,,,
BrunAlexxx,Couple,28,Taken,,,2020,3/17/2020,"17,500","3,867,340","1,052,393",712,9,3,,,,,,,,
Trucici,Female,27,Single,,,2020,8/17/2020,"7,300","1,103,412","368,172",636,49,,,,,,,,,
SelenaRyan,Female,29,Open,,,2020,4/17/2020,"51,600","10,113,223","2,083,410",646,70,59,,,,,,,,
MySchoolLife,Couple,25,Open,,,2020,4/17/2020,"27,100","3,940,557","859,580",721,30,1,,,,,,,,
Daddy Long Dong,Male,28,Open,,,2017,2/17/2017,"24,900","11,380,900","1,064,783",697,15,2,,,,,,,,
Nadine Cays,Female,29,Open,165,54,2019,2/17/2019,"15,000","8,561,407","765,811",695,298,109,,,,,,,,
Candy Camille,Couple,23,Taken,154,,2019,2/17/2019,"51,200","12,465,380","1,024,768",728,144,33,,,,,,,,
CockGoddess,Female,24,Taken,170,59,2016,2/17/2016,"116,000","55,103,083","3,250,319",719,16,,,,,,,,,
SexyPerfectAss,Female,22,Open,152,49,2019,2/17/2019,"43,700","48,800,628","1,692,500",708,88,10,,,,,,,,
KCupQueen,Female,26,Single,165,52,2020,2/17/2020,"12,800","1,442,012","448,836",693,12,184,,,,,,,,
Angel XXX Diabla,Couple,18,Taken,172,,2020,10/17/2020,"6,800","2,169,801","224,417",704,28,5,,,,,,,,
Lana Slave,Couple,32,Taken,,,2020,2/17/2020,"12,200","7,094,064","894,090",733,44,,,,,,,,,
Dream4Angel,Female,100,Taken,,,2019,2/17/2019,"23,400","10,637,865","836,201",703,225,5,,,,,,,,
reikodouga,Female,35,Single,160,,2020,10/17/2020,"19,500","10,230,371","726,697",691,135,5,,,,,,,,
BigBootyAssTeen,Couple,23,Open,152,49,2019,2/17/2019,"37,600","61,780,085","1,684,067",717,117,6,,,,,,,,
LAURA MONROY,Female,26,Single,149,57,2020,2/17/2020,"9,400","2,327,939","479,885",724,19,3,,,,,,,,
TheRareRabbit,Male,29,Single,180,94,2020,2/17/2020,"10,700","4,161,517","798,983",738,60,5,,,,,,,,
Myla Angel,Female,21,Open,,,2020,8/17/2020,"7,000","2,780,827","243,175",714,122,48,,,,,,,,
Honey Blue,Female,22,Taken,162,45,2020,2/17/2020,"26,000","2,102,588","753,884",705,15,,,,,,,,,
Darling Nicky,Female,24,Single,,,2020,2/17/2020,"19,900","2,944,791","661,999",718,21,8,,,,,,,,
youneedkaycee,Female,21,Single,,,2020,2/17/2020,"31,700","5,683,148","1,443,322",723,14,1,,,,,,,,
LesPhiLou,Couple,20,Taken,162,53,2020,7/17/2020,"7,200","1,112,601","325,363",711,32,3,,,,,,,,
Melissa Lisboa,Female,25,Single,175,33,2020,5/17/2020,"3,300","516,900","185,353",746,70,51,,,,,,,,
oshoxxx,Male,23,Single,,,2020,2/17/2020,"1,400","247,094","112,567",744,9,,,,,,,,,
Angel Savage,Female,19,Taken,152,49,2018,2/17/2018,"22,500","4,323,289","816,453",722,17,21,,,,,,,,
WettyGirl66,Female,26,Single,172,60,2017,2/17/2017,"44,400","33,724,534","1,258,784",729,123,5,,,,,,,,
VPSXXX6,Couple,23,Taken,,,2019,2/17/2019,"17,300","3,704,209","662,834",732,73,6,,,,,,,,
Luca Ferrero,Male,43,Taken,,,2019,2/17/2019,"9,800","4,365,798","604,462",735,30,1,,,,,,,,
kkole17,Female,29,Single,,,2020,2/17/2020,"29,400","12,602,557","736,952",709,87,70,,,,,,,,
ScarletFitXX,Female,21,Single,167,45,2019,2/17/2019,"45,800","8,708,363","1,611,176",736,63,10,,,,,,,,
Parmidaxxx,Female,30,Open,,,2020,6/17/2020,"6,800","43,909,314","771,620",740,115,,,,,,,,,
Naughty Corner,Couple,20,Taken,177,45,2020,3/17/2020,"13,100","10,125,533","652,161",720,35,7,,,,,,,,
iachannel,Couple,34,Taken,162,48,2020,7/17/2020,"9,600","7,271,002","502,188",670,104,,,,,,,,,
CatchingGoldDigger,Male,31,Single,,,2020,2/17/2020,"37,300","41,964,364","5,592,395",657,41,42,,,,,,,,
Tiny pussy,Couple,25,Taken,170,33,2020,8/17/2020,425,"23,042","17,293",710,30,9,,,,,,,,
Sirena Sweet,Female,30,Single,157,55,2020,2/17/2020,"5,900","35,347","88,562",837,25,2,,,,,,,,
LucyTheDickWhisperer,Female,26,Single,,,2019,2/17/2019,"9,200","1,257,025","294,696",794,17,,,,,,,,,
Hotwife Kz,Couple,30,Taken,180,,2020,2/17/2020,"17,700","5,233,297","720,141",739,46,1,,,,,,,,
hotsextape,Couple,21,Taken,167,49,2019,2/17/2019,"45,300","89,124,508","1,436,480",680,133,6,,,,,,,,
Oral Creampie,Couple,29,Open,,,2019,2/17/2019,"28,400","6,726,303","773,510",730,27,,,,,,,,,
Hayley B,Couple,33,Taken,162,,2018,2/17/2018,"35,100","8,475,066","692,654",759,25,123,,,,,,,,
Loren Love,Female,30,Taken,172,55,2018,2/17/2018,"35,400","2,690,301","677,656",716,47,78,,,,,,,,
SnowbunnySteph,Female,20,Single,,,2020,2/17/2020,"12,300","1,175,663","590,183",756,3,,,,,,,,,
mana310,Couple,27,Taken,,,2020,2/17/2020,"10,700","2,808,924","601,853",734,80,2,,,,,,,,
Porn Karma,Couple,20,Taken,165,,2019,2/17/2019,"25,900","14,776,271","921,921",750,33,2,,,,,,,,
Lucy Li,Male,36,Single,,,2017,2/17/2017,"5,100","305,430","145,818",754,17,,,,,,,,,
Veggi3Asmr,Female,24,Single,,,2020,8/17/2020,"2,900","629,098","426,795",787,13,4,,,,,,,,
fulloffantasies,Female,102,Single,152,,2016,2/17/2016,"46,600","24,678,298","1,527,498",757,392,147,,,,,,,,
Tre Biggs,Male,20,Single,180,79,2019,2/17/2019,"6,300","2,205,786","232,530",731,35,2,,,,,,,,
ThisIsVanillaSex,Couple,23,Open,165,45,2020,3/17/2020,"13,900","1,908,523","895,167",749,10,,,,,,,,,
forestnymphmfc,Female,27,Single,,,2019,2/17/2019,"99,900","29,381,939","3,053,223",649,14,,,,,,,,,
Angela Amore,Couple,28,Taken,,,2019,2/17/2019,"11,700","3,015,648","465,522",747,130,,,,,,,,,
Cherry Adams,Female,22,Taken,157,50,2020,2/17/2020,"10,200","1,850,907","366,128",741,55,35,,,,,,,,
Effy Loweell,Female,28,Single,,,2020,8/17/2020,"60,200","3,978,970","323,589",742,144,1,,,,,,,,
WaldemaRia,Couple,20,Single,,,2020,4/17/2020,"10,400","1,818,986","373,362",748,56,9,,,,,,,,
sugar waifu,Female,20,Single,,,2020,2/17/2020,"5,800","1,475,401","339,470",727,25,,,,,,,,,
Lauren Cat,Female,21,Taken,,,2020,3/17/2020,"5,100","2,485,815","280,108",743,36,,,,,,,,,
alphaninja7,Female,26,Taken,,,2016,2/17/2016,"24,800","16,750,902","854,353",764,165,,,,,,,,,
hiddenxxxamateur,Female,25,Single,165,61,2019,2/17/2019,"57,900","33,129,296","1,731,124",771,169,9,,,,,,,,
Violetsfootsteps,Female,26,Single,149,45,2020,2/17/2020,"41,600","10,122,493","1,673,646",769,58,,,,,,,,,
YOUR PRIYA,Couple,20,Single,,,2020,2/17/2020,"2,300","1,691,788","228,674",713,30,,,,,,,,,
RopeBunnyCouple,Couple,30,Open,,,2020,9/17/2020,"9,700","1,661,344","296,796",751,54,7,,,,,,,,
realcobracummander,Female,63,Single,154,45,2020,8/17/2020,"13,600","3,731,523","661,090",765,81,9,,,,,,,,
JasmineGTV,Female,24,Open,160,56,2018,2/17/2018,"13,600","3,548,107","509,629",726,63,4,,,,,,,,
MyPandora,Couple,25,Open,165,,2020,6/17/2020,"19,200","12,350,276","586,954",761,37,1,,,,,,,,
NIcole and Alex,Couple,22,Open,154,,2020,2/17/2020,"24,500","48,447,088","1,035,702",753,124,34,,,,,,,,
lucyskkrr,Female,21,Single,,,2020,2/17/2020,"1,700","886,699","476,022",788,3,,,,,,,,,
FirstLadyLee,Female,26,Taken,157,,2020,2/17/2020,"28,600","6,629,201","1,231,081",745,8,,,,,,,,,
cuckcakedream,Couple,25,Open,170,73,2020,2/17/2020,"29,800","9,414,396","963,955",780,66,22,,,,,,,,
LickMyLucy,Couple,28,Open,,,2020,2/17/2020,"20,000","4,338,079","662,722",763,31,6,,,,,,,,
Catjira,Female,27,Single,,,2019,2/17/2019,"3,500","201,733","112,419",694,16,33,,,,,,,,
Nixlynka,Female,23,Taken,149,,2018,2/17/2018,"8,200","573,203","233,192",755,40,44,,,,,,,,
Sasha Foxgirl,Couple,,Open,172,52,2020,2/17/2020,"33,900","7,831,333","1,226,070",786,45,3,,,,,,,,
bonniealex,Couple,31,Taken,,,2020,3/17/2020,"24,100","38,411,703","1,765,712",773,79,34,,,,,,,,
HornyCouple4twenty,Couple,33,Taken,162,,2020,2/17/2020,"28,500","5,445,016","918,835",793,123,2,,,,,,,,
CatDevilSwing,Female,33,Single,,,2020,7/17/2020,"8,400","3,197,588","518,122",814,41,4,,,,,,,,
MyShinyGirl,Couple,29,Taken,157,55,2020,6/17/2020,"16,200","2,112,562","464,342",768,56,7,,,,,,,,
Pamelashine,Female,22,Single,,,2019,2/17/2019,"18,200","3,197,302","420,456",796,47,,,,,,,,,
Hot Bella,Female,24,Single,149,,2020,2/17/2020,"9,800","586,354","470,810",777,3,,,,,,,,,
Ash Steele,Male,24,Taken,185,66,2020,2/17/2020,"17,600","5,076,572","645,287",737,45,,,,,,,,,
Papi Mandingo,Male,25,Single,175,82,2018,2/17/2018,"16,100","4,991,632","1,093,615",791,51,9,,,,,,,,
MariaClara,Female,20,Single,154,43,2020,7/17/2020,"14,800","3,788,519","503,090",766,192,6,,,,,,,,
projectfundiary,Couple,33,Taken,165,57,2020,2/17/2020,"15,500","6,638,156","617,351",789,105,14,,,,,,,,
Red Bunny,Couple,18,Single,160,54,2020,2/17/2020,"19,300","4,658,202","619,567",776,30,2,,,,,,,,
littlehollybeth,Female,22,Open,,,2019,2/17/2019,"49,200","7,075,953","1,235,247",795,50,35,,,,,,,,
sugarbooty,Female,29,Open,,,2016,2/17/2016,"18,400","3,202,413","684,625",758,23,46,,,,,,,,
Hoss Kado,Male,34,Single,,,2020,2/17/2020,"10,600","2,584,292","350,779",797,223,,,,,,,,,
BEN in CHLOE,Couple,21,Taken,157,49,2019,2/17/2019,"36,300","7,671,908","1,103,004",781,59,13,,,,,,,,
harumeiji,Female,100,Single,,,2020,7/17/2020,"4,700","986,915","255,076",762,14,,,,,,,,,
Crybae,Female,20,Taken,175,73,2020,2/17/2020,"20,600","2,944,370","914,024",779,48,18,,,,,,,,
Hannah James,Female,24,Single,,,2018,2/17/2018,"15,000","1,158,101","646,174",782,13,1,,,,,,,,
katie71cams,Female,45,Single,167,57,2019,2/17/2019,"16,700","596,268","593,484",818,3,129,,,,,,,,
Goddess Alexa,Female,22,Taken,,,2020,6/17/2020,"8,000","1,865,314","324,129",770,113,6,,,,,,,,
SpasticMILF,Female,23,Taken,,,2020,2/17/2020,"19,100","5,227,645","991,800",824,42,4,,,,,,,,
Arab teen,Female,,Single,,,2020,2/17/2020,"4,500","1,541,740","192,046",833,192,,,,,,,,,
Landon Boswell,Male,24,Taken,167,75,2017,2/17/2017,"15,400","11,271,311","851,124",802,28,,,,,,,,,
German Sex,Couple,36,Taken,,,2020,2/17/2020,"8,100","3,889,991","392,115",798,144,2,,,,,,,,
ZackandNina,Couple,32,Open,,,2020,6/17/2020,"14,400","4,601,273","470,387",805,16,,,,,,,,,
Kaira Nisha,Female,24,Single,165,56,2019,2/17/2019,"34,500","2,272,186","1,031,290",785,18,7,,,,,,,,
Charlotte1996,Female,24,Single,167,52,2016,2/17/2016,"39,700","10,325,050","1,231,984",815,21,29,,,,,,,,
Punkd Princess,Couple,32,Taken,157,44,2020,2/17/2020,"20,300","4,172,400","653,596",804,85,10,,,,,,,,
Sex_Associates,Couple,30,Taken,,,2020,3/17/2020,"43,600","28,317,632","2,371,461",889,55,2,,,,,,,,
stupidbratpiss,Female,20,Single,,,2020,8/17/2020,"2,400","323,153","385,514",829,7,,,,,,,,,
Ashley Mason,Female,47,Open,162,59,2019,2/17/2019,"11,500","6,955,639","571,762",808,45,6,,,,,,,,
LuvGaru,Couple,20,Open,,,2020,2/17/2020,"18,200","6,279,307","920,700",823,15,8,,,,,,,,
Sweet Nymph,Couple,20,Open,160,44,2020,5/17/2020,"18,400","2,354,579","695,532",774,42,12,,,,,,,,
Princess Lexie,Female,31,Single,185,,2018,2/17/2018,"12,300","4,847,073","436,066",807,20,,,,,,,,,
MiraDavid,Couple,19,Open,,,2020,6/17/2020,"13,200","1,530,536","407,003",809,26,3,,,,,,,,
Joe Exotic,Couple,27,Taken,,,2019,2/17/2019,"28,400","13,118,124","1,205,517",810,229,1,,,,,,,,
Deadpool,Male,21,Single,,,2020,6/17/2020,"1,100",242,"3,430",799,1,1,,,,,,,,
MarySlava,Female,19,Open,,,2020,4/17/2020,"19,000","17,105,962","1,765,282",836,22,3,,,,,,,,
SlugsOfCumGuy,Male,36,Open,182,98,2014,2/17/2014,"9,100","8,044,681","509,131",830,134,,,,,,,,,
Sugarbels,Female,18,Single,,,2020,9/17/2020,"3,000","3,410,378","223,645",800,63,,,,,,,,,
Alena Rose,Female,25,Taken,,,2019,2/17/2019,"37,500","4,909,816","730,077",803,44,30,,,,,,,,
Diana Huracan,Female,26,Taken,,,2020,8/17/2020,"13,500","1,282,444","425,141",871,12,1,,,,,,,,
lovewetting21,Couple,31,Taken,,,2020,2/17/2020,"10,600","10,387,340","609,800",820,43,,,,,,,,,
alvajay,Female,27,Taken,,,2020,2/17/2020,"14,600","5,734,258","970,849",811,31,,,,,,,,,
Ella Bolt,Female,19,Taken,165,,2020,2/17/2020,"10,800","1,198,210","411,890",790,14,,,,,,,,,
AliceMFC,Female,26,Single,,,2019,2/17/2019,"101,000","56,950,461","2,705,347",819,38,,,,,,,,,
Yui Hatano,Male,34,Single,,,2019,2/17/2019,"2,800","81,064","102,838",813,1,,,,,,,,,
Arabian Boobie,Couple,24,Open,149,63,2019,2/17/2019,"16,100","7,791,071","776,375",812,25,18,,,,,,,,
Cuddle Couple,Couple,27,Taken,,,2020,4/17/2020,"10,800","1,544,171","357,778",817,37,7,,,,,,,,
Melina Mason,Female,30,Open,160,59,2019,2/17/2019,"9,500","2,519,451","601,481",816,30,4,,,,,,,,
Skylar Shark,Non-Binary,25,Open,,,2020,10/17/2020,"1,600","117,359","120,154",847,4,,,,,,,,,
Shani Akki,Female,39,Open,154,57,2020,6/17/2020,"5,400","5,061,671","428,370",840,100,,,,,,,,,
Moon Christine,Female,32,Taken,,,2018,2/17/2018,"18,600","6,280,360","497,748",826,134,39,,,,,,,,
Squirterme,Couple,24,Single,154,38,2020,3/17/2020,"14,100","10,449,179","754,736",835,33,,,,,,,,,
ManiRosePh,Couple,30,Open,,,2020,2/17/2020,"9,700","10,883,783","537,210",834,100,,,,,,,,,
perfectblonde69,Couple,27,Taken,,,2020,3/17/2020,"9,700","2,109,677","427,899",838,40,1,,,,,,,,
SalliEnjoy,Couple,30,Taken,172,57,2020,2/17/2020,"23,900","3,493,042","576,902",845,149,,,,,,,,,
DoubleM007,Couple,21,Taken,,,2020,2/17/2020,"16,500","9,602,700","899,743",832,10,,,,,,,,,
Shannon Heels,Female,20,Single,167,,2020,2/17/2020,"6,300","746,644","229,417",775,80,16,,,,,,,,
Selena Blaze,Female,25,Single,,,2020,2/17/2020,"10,400","701,721","254,326",821,8,,,,,,,,,
Vixenmoon,Female,,Taken,152,45,2019,2/17/2019,"19,300","5,141,356","744,614",831,22,4,,,,,,,,
Anal Lover 4K,Female,21,Single,,,2020,2/17/2020,"23,500","7,795,007","825,639",884,92,8,,,,,,,,
Eevee Frost,Female,,Single,,,2016,2/17/2016,"27,900","3,640,639","708,182",846,35,,,,,,,,,
MrandMrsRaw,Couple,,Taken,,,2020,2/17/2020,"21,400","4,166,525","780,398",849,60,1,,,,,,,,
24KBBC,Male,33,Single,182,73,2020,7/17/2020,"6,400","2,003,745","257,042",842,30,16,,,,,,,,
EmiliaBunny,Couple,18,Open,172,,2020,4/17/2020,"15,200","1,367,026","395,359",841,22,2,,,,,,,,
Nina Yo,Female,22,Taken,172,,2020,2/17/2020,"12,200","2,932,562","595,571",784,142,9,,,,,,,,
DomSub China,Male,24,Open,177,,2020,7/17/2020,"33,700","3,900,978","608,144",801,21,,,,,,,,,
Mzthunderthighs,Female,30,Taken,,,2019,2/17/2019,"19,800","8,443,095","699,571",861,53,32,,,,,,,,
Nerdy_Faery,Female,36,Taken,154,50,2020,2/17/2020,"48,300","21,895,852","2,759,706",825,1088,95,,,,,,,,
Mo channel,Couple,18,Taken,167,,2020,10/17/2020,"6,700","7,393,243","557,705",878,93,1,,,,,,,,
gawslee,Couple,23,Taken,,,2016,2/17/2016,"17,500","13,291,955","894,866",828,64,5,,,,,,,,
LatinaPlay,Male,27,Single,180,36,2018,2/17/2018,"12,500","16,673,687","699,520",867,54,83,,,,,,,,
TaniaTiny,Couple,27,Taken,,,2020,2/17/2020,"14,300","5,159,715","706,418",843,104,12,,,,,,,,
HotKittyAria,Couple,22,Open,165,54,2020,4/17/2020,"19,200","5,514,514","711,084",792,38,,,,,,,,,
Black Matombo,Male,27,Taken,,,2020,2/17/2020,"14,900","13,932,546","1,365,208",851,109,2,,,,,,,,
ShyGothExhib,Female,28,Taken,162,50,2020,2/17/2020,"28,700","7,921,426","1,030,925",864,71,9,,,,,,,,
Lilly Lopez TheSugarPepper,Female,25,Open,157,,2020,5/17/2020,"28,200","8,172,418","1,076,396",906,47,3,,,,,,,,
TribeSafha,Couple,20,Open,149,45,2020,7/17/2020,"27,000","4,584,588","1,259,763",827,6,1,,,,,,,,
naughtyatrouble,Female,21,Taken,167,52,2020,7/17/2020,"9,900","3,285,677","582,976",852,21,,,,,,,,,
Princess,Trans Woman,62,Taken,172,86,2020,9/17/2020,364,"7,275","26,211",854,12,13,,,,,,,,
luckyxruby,Couple,29,Open,,,2019,2/17/2019,"29,100","13,649,616","1,236,058",862,43,25,,,,,,,,
KinkyCouple,Couple,46,Taken,167,15,2019,2/17/2019,335,"4,714","58,809",912,12,9,,,,,,,,
House of Era,Female,,Single,170,64,2020,2/17/2020,"16,200","2,809,661","448,789",848,142,25,,,,,,,,
Lydiagh0st,Couple,28,Taken,,,2020,5/17/2020,"4,600","330,562","161,038",902,2,,,,,,,,,
illegaldream,Female,19,Single,165,48,2020,11/17/2020,"9,200","2,001,500","203,071",885,21,,,,,,,,,
AnnaReyHorny,Female,21,Taken,170,53,2020,2/17/2020,"20,500","3,702,623","614,991",856,100,,,,,,,,,
Persephone Pink,Female,23,Taken,160,,2016,2/17/2016,"15,400","571,550","512,417",865,9,13,,,,,,,,
AliceYamaguchi,Female,21,Single,,,2020,2/17/2020,"25,600","4,460,160","682,763",870,2,,,,,,,,,
surfboardpotato,Male,25,Taken,175,60,2018,2/17/2018,"27,000","10,833,321","959,195",850,43,3,,,,,,,,
Brooke Blaze,Couple,31,Taken,170,66,2020,3/17/2020,"13,100","1,474,420","391,467",868,30,51,,,,,,,,
kiarafonseca,Female,19,Single,,,2020,6/17/2020,703,"24,575","28,183",806,7,,,,,,,,,
Eva Nixon,Female,33,Open,160,52,2020,2/17/2020,"7,600","2,645,465","238,025",901,42,33,,,,,,,,
theloveline,Male,20,Single,,,2020,2/17/2020,"6,400","5,013,420","525,962",872,39,,,,,,,,,
Daphne Dare,Female,23,Single,,,2020,2/17/2020,"4,200","126,929","90,689",860,12,,,,,,,,,
Lesandlay,Couple,38,Taken,,,2020,12/17/2020,"7,800","3,032,098","414,907",956,43,,,,,,,,,
brightredsnow,Female,43,Open,165,68,2020,2/17/2020,"18,000","3,286,497","544,933",875,68,,,,,,,,,
ASMR Daddy,Male,40,Single,182,,2019,2/17/2019,"5,400","2,219,347","270,373",858,66,,,,,,,,,
Lovesanalxxx,Female,35,Single,,,2017,2/17/2017,"56,700","2,635,248","842,473",882,50,153,,,,,,,,
legendarylootz,Female,25,Single,,,2016,2/17/2016,"28,100","4,711,470","845,452",890,31,31,,,,,,,,
youhatemads,Female,23,Single,,,2020,9/17/2020,"9,200","1,419,700","292,648",857,6,3,,,,,,,,
Playwithher1995,Couple,24,Taken,,,2020,2/17/2020,"14,400","7,078,879","914,108",897,58,14,,,,,,,,
Andy Smook,Female,28,Taken,152,55,2020,2/17/2020,"13,400","2,309,877","469,848",894,101,183,,,,,,,,
Kela Hub,Male,23,Taken,185,72,2019,2/17/2019,"28,600","12,128,237","1,314,275",866,10,,,,,,,,,
Min Moo,Couple,49,Taken,,,2020,5/17/2020,"10,200","2,984,517","440,380",883,190,75,,,,,,,,
Secret_Elle,Female,22,Open,170,51,2018,2/17/2018,"76,100","19,445,067","1,911,999",873,42,6,,,,,,,,
Miss Diamond,Female,26,Single,170,68,2020,2/17/2020,"5,000","456,214","158,746",881,14,17,,,,,,,,
TinySpinnerMILF,Female,47,Single,,,2019,2/17/2019,"13,700","3,326,094","550,008",892,127,,,,,,,,,
Saliva Bunny,Couple,18,Taken,170,47,2018,2/17/2018,"17,600","1,204,794","483,812",874,15,40,,,,,,,,
Toma Mur,Couple,26,Taken,165,,2020,2/17/2020,"5,200","7,889,650","423,329",1062,33,7,,,,,,,,
Iren Wagner,Female,22,Open,,,2020,3/17/2020,"26,700","2,677,171","782,586",929,9,3,,,,,,,,
Broccolibutts,Male,28,Taken,,,2017,2/17/2017,"64,500","34,571,829","3,527,712",876,38,,,,,,,,,
Chloe Sanchez,Couple,27,Taken,160,52,2018,2/17/2018,"5,600","2,210,685","395,812",877,39,4,,,,,,,,
Fari banx,Female,26,Single,165,,2020,4/17/2020,"6,100","1,526,899","328,940",893,34,,,,,,,,,
Chanelle Diamond,Female,19,Single,175,68,2020,11/17/2020,"5,400","496,955","421,994",979,7,3,,,,,,,,
Alissa Reid,Couple,20,Taken,157,45,2020,2/17/2020,"13,300","1,831,576","463,826",928,9,,,,,,,,,
Gizelle Blanco,Female,21,Single,175,59,2020,7/17/2020,"1,700","88,695","105,162",855,7,,,,,,,,,
Your_father_secret,Couple,22,Open,,,2019,2/17/2019,"135,000","49,084,962","4,351,258",886,89,14,,,,,,,,
Draco Dragon,Female,47,Taken,170,84,2019,2/17/2019,"15,500","5,330,918","547,022",908,80,40,,,,,,,,
Gina Bunny,Female,20,Taken,160,11,2020,2/17/2020,"21,600","8,376,320","1,111,425",844,189,6,,,,,,,,
Lara Croft,Female,22,Single,149,35,2019,2/17/2019,"8,800","534,678","316,846",900,33,,,,,,,,,
NaughtyNookie,Female,31,Single,,,2020,2/17/2020,"29,500","11,711,858","1,058,570",899,93,3,,,,,,,,
Sasha Bikeyeva,Female,33,Taken,170,50,2018,2/17/2018,"52,300","9,012,031","1,429,670",896,144,8,,,,,,,,
The Estrellas Pleasure,Couple,20,Taken,175,59,2020,2/17/2020,"25,300","6,803,078","1,308,250",949,26,,,,,,,,,
jayndrea,Couple,29,Taken,,,2018,2/17/2018,"59,100","13,803,356","1,878,708",904,11,,,,,,,,,
Alicia Asia,Female,23,Single,,,2019,2/17/2019,"25,600","5,743,196","708,329",880,68,19,,,,,,,,
StraponHERE,Couple,19,Open,,,2020,7/17/2020,"13,600","3,268,840","420,611",891,34,,,,,,,,,
BIGLOVASS4FREE,Couple,25,Open,182,33,2020,7/17/2020,"10,400","3,276,388","408,336",767,70,,,,,,,,,
Franco Ares,Male,36,Single,185,82,2020,9/17/2020,"15,600","4,535,120","524,717",907,4,,,,,,,,,
ChezzaLuna,Female,28,Taken,167,53,2020,5/17/2020,"14,100","16,613,714","479,148",919,79,11,,,,,,,,
Ivy Steel,Female,28,Open,182,60,2020,2/17/2020,"6,500","1,111,200","296,683",772,56,2,,,,,,,,
AnastasiaWalk,Couple,22,Taken,144,43,2018,2/17/2018,"11,800","6,691,797","508,224",903,110,,,,,,,,,
Ebony Stone,Female,20,Single,165,66,2018,2/17/2018,"29,100","5,850,132","542,274",910,91,10,,,,,,,,
Eva Long,Female,,Single,,,2019,2/17/2019,"4,800","210,634","154,364",926,16,11,,,,,,,,
zeus718,Male,45,Single,,,2019,2/17/2019,"34,600","58,760,778","1,938,086",921,105,,,,,,,,,
Zaawaadi,Female,32,Taken,,,2021,1/17/2021,699,"11,107","13,833",839,5,,,,,,,,,
Sasha wonderland,Female,,Single,,,2019,2/17/2019,"14,200","2,355,403","609,796",927,94,31,,,,,,,,
Qirje Shqip,Female,22,Open,,,2021,1/17/2021,"2,100","136,508","25,475",853,16,1,,,,,,,,
Careful girl,Female,19,Single,,,2020,6/17/2020,"6,800","23,747,845","401,211",911,32,,,,,,,,,
CierianX,Couple,32,Taken,170,,2020,8/17/2020,"9,200","929,673","205,125",922,21,3,,,,,,,,
AliceKellyXXX,Female,25,Open,,,2020,5/17/2020,"15,200","9,933,109","443,082",1022,72,72,,,,,,,,
Dirty Dannybear,Male,33,Taken,,,2020,2/17/2020,"13,000","7,539,222","773,696",923,37,1,,,,,,,,
Kora Elle,Female,19,Single,,50,2020,2/17/2020,"13,200","834,615","415,731",936,6,,,,,,,,,
SexwithMilfStella,Couple,40,Taken,157,54,2020,2/17/2020,"31,300","7,999,210","899,819",916,422,127,,,,,,,,
vickyafterschool,Female,18,Open,160,46,2020,10/17/2020,"4,700","1,238,927","253,618",898,29,6,,,,,,,,
Thunktank,Male,20,Taken,,,2020,2/17/2020,"8,100","5,359,834","1,133,360",859,276,,,,,,,,,
StormiSkies,Female,22,Single,,,2020,2/17/2020,"8,900","1,384,310","489,172",914,22,35,,,,,,,,
Kate Rehi,Couple,24,Taken,167,61,2019,2/17/2019,"26,100","30,199,930","1,088,116",958,61,7,,,,,,,,
Busty Milf,Couple,51,Taken,177,96,2017,2/17/2017,"2,500","1,216,093","153,837",932,154,122,,,,,,,,
Bianca Rose,Female,45,Taken,165,65,2019,2/17/2019,"5,400","12,528","56,121",931,39,9,,,,,,,,
BrilliantlyDivine,Female,30,Single,,35,2020,2/17/2020,"4,500","263,642","214,062",1002,4,,,,,,,,,
DirtyMindedCPL,Couple,36,Taken,,,2020,2/17/2020,"19,200","7,494,902","892,038",918,40,4,,,,,,,,
Ssaddy,Couple,22,Taken,,,2019,2/17/2019,"20,200","4,435,431","677,363",935,52,2,,,,,,,,
AllyTheCat,Couple,27,Taken,142,36,2016,2/17/2016,"65,700","47,734,246","1,707,952",917,30,3,,,,,,,,
TenoriTaiga,Female,27,Open,,,2020,2/17/2020,"28,400","2,717,100","882,596",954,19,4,,,,,,,,
FeralBerryy,Female,24,Taken,167,52,2020,10/17/2020,"9,500","3,746,136","251,361",1004,33,13,,,,,,,,
Eider Gonzalez,Female,19,Single,160,36,2020,6/17/2020,"7,500","1,020,258","247,874",972,39,,,,,,,,,
DanaAndDani,Couple,26,Taken,,,2020,2/17/2020,"14,900","8,430,297","810,190",909,33,1,,,,,,,,
Katy Milligan,Couple,19,Open,,,2020,2/17/2020,"33,100","28,414,747","2,295,341",933,54,21,,,,,,,,
Malice Miya,Female,25,Taken,,,2020,9/17/2020,"13,200","1,644,365","404,721",948,17,73,,,,,,,,
blueeyeswhitepussy,Couple,25,Taken,,,2019,2/17/2019,"47,800","7,410,622","1,499,155",937,17,,,,,,,,,
collegeluv,Couple,22,Taken,172,,2019,2/17/2019,"26,600","10,738,170","979,318",944,116,,,,,,,,,
Nonfeelgoodx,Couple,21,Single,172,33,2020,3/17/2020,"6,800","5,252,217","585,243",960,35,26,,,,,,,,
MiniaturesPerfect,Couple,23,Single,,,2020,2/17/2020,"12,800","1,819,797","396,473",962,28,1,,,,,,,,
Anita Ice,Female,22,Taken,180,57,2020,5/17/2020,"8,300","897,285","204,431",930,40,14,,,,,,,,
hotfallingdevill,Female,24,Single,165,40,2020,7/17/2020,"42,900","10,600,016","1,427,349",982,33,9,,,,,,,,
mysexymodel,Couple,20,Open,,,2019,2/17/2019,"31,400","6,641,609","719,284",987,5,,,,,,,,,
cinnamonsweetie,Couple,25,Taken,157,,2020,7/17/2020,"8,100","1,347,090","425,077",980,10,,,,,,,,,
MyBlogPersonal,Couple,22,Open,165,48,2020,5/17/2020,"5,400","9,823,702","480,285",963,38,12,,,,,,,,
TurkishTeenCouple,Female,20,Single,165,47,2019,2/17/2019,"12,200","3,240,366","506,765",940,42,,,,,,,,,
mollymolly18,Female,18,Open,149,,2020,2/17/2020,"17,200","4,268,060","763,717",970,10,,,,,,,,,
xupulus,Male,31,Single,185,10,2018,2/17/2018,"2,700","2,806,809","769,825",925,454,,,,,,,,,
HeyuZhang,Female,23,Single,165,41,2020,8/17/2020,"24,500","552,698","615,835",879,37,,,,,,,,,
Nicky Black,Female,25,Taken,152,45,2018,2/17/2018,"14,500","3,560,056","413,625",953,74,,,,,,,,,
Alyssa Bounty,Female,21,Single,,,2020,11/17/2020,"3,300","394,075","99,209",946,15,1,,,,,,,,
DuBarry,Female,43,Taken,172,63,2017,2/17/2017,"45,900","47,852,443","909,446",945,123,,,,,,,,,
Alison Lil Baby,Female,21,Single,,,2020,2/17/2020,"23,300","7,853,356","1,135,404",934,58,9,,,,,,,,
Deutsche Milf,Female,37,Single,,,2019,2/17/2019,"8,500","3,038,137","425,964",969,28,,,,,,,,,
French amateur,Male,25,Taken,,,2019,2/17/2019,67,461,"4,623",971,1,,,,,,,,,
LittleHer,Couple,26,Open,165,52,2018,2/17/2018,"39,800","15,421,136","1,285,734",950,107,4,,,,,,,,
HENTAI UNCENSORED,Male,28,Single,,,2019,2/17/2019,"3,200","463,958","158,962",920,26,,,,,,,,,
madafterdark,Female,30,Taken,,,2019,2/17/2019,"10,900","4,915,929","777,164",961,28,20,,,,,,,,
Rikolo,Male,31,Single,,,2016,2/17/2016,"22,900","38,528,532","996,066",915,51,,,,,,,,,
Dirty Desire,Couple,31,Taken,167,,2020,2/17/2020,"18,000","7,198,236","778,942",939,81,11,,,,,,,,
Pov Brazil,Male,33,Open,,,2019,2/17/2019,"9,000","5,793,270","1,356,108",895,16,,,,,,,,,
Petra Prava,Couple,23,Open,,,2020,2/17/2020,"19,400","2,915,886","607,535",967,26,1,,,,,,,,
BBW MILF,Couple,45,Taken,170,89,2017,2/17/2017,"15,000","698,431","176,463",1001,87,,,,,,,,,
The Lussts,Couple,25,Taken,,,2020,7/17/2020,"10,600","1,998,016","342,253",981,65,7,,,,,,,,
lustforlola,Female,23,Single,,,2020,2/17/2020,"21,700","2,772,735","656,752",951,13,68,,,,,,,,
lviravv,Female,18,Single,165,,2020,7/17/2020,"9,800","3,263,253","356,949",1013,25,10,,,,,,,,
Anylucifer,Female,21,Single,157,,2020,6/17/2020,"2,600","643,347","296,228",1019,56,7,,,,,,,,
Royalexi,Female,26,Taken,,,2020,2/17/2020,"17,800","4,327,199","769,688",959,17,,,,,,,,,
rainbowcouple726,Couple,40,Taken,,,2019,2/17/2019,"17,700","8,997,767","1,137,200",1012,127,,,,,,,,,
Enola Fischer,Couple,24,Single,167,49,2018,2/17/2018,"7,600","1,920,129","474,330",947,90,132,,,,,,,,
cindy hot star,Couple,28,Open,165,33,2020,2/17/2020,"13,700","6,763,468","765,120",1003,84,1,,,,,,,,
Aleigha James,Female,22,Open,165,53,2017,2/17/2017,"21,800","4,903,732","646,787",964,35,90,,,,,,,,
Triss Merigold,Couple,20,Taken,157,60,2019,2/17/2019,"8,500","1,404,088","412,539",997,17,,,,,,,,,
MyLordandI,Couple,19,Taken,157,,2020,3/17/2020,"15,000","9,904,994","504,708",1093,54,13,,,,,,,,
Lucy Doll,Female,31,Single,,,2019,2/17/2019,"6,900","997,541","242,135",968,27,,,,,,,,,
bestminaj,Female,28,Taken,177,65,2015,2/17/2015,"36,500","24,043,199","1,217,119",952,24,,,,,,,,,
lesbian_illusion,Couple,25,Taken,,,2020,9/17/2020,"13,500","13,784,963","821,668",1007,370,7,,,,,,,,
Weebu,Male,31,Single,,,2020,2/17/2020,"19,900","9,034,378","851,291",924,53,,,,,,,,,
RedPillGirl,Female,23,Open,165,55,2020,2/17/2020,"19,000","19,557,274","1,008,910",887,33,10,,,,,,,,
Sexy Lexy,Female,51,Taken,165,57,2020,2/17/2020,"15,800","5,237,938","555,273",943,60,9,,,,,,,,
KingOfCreampies,Couple,44,Open,195,10,2020,2/17/2020,"7,900","4,332,283","482,085",1020,61,,,,,,,,,
mariana cruzz,Female,20,Single,160,54,2020,5/17/2020,"4,200","179,414","166,843",955,9,2,,,,,,,,
Lilimini,Female,40,Taken,157,46,2020,2/17/2020,"16,900","3,287,000","383,734",983,75,,,,,,,,,
Meghan Wood,Female,25,Single,,,2018,2/17/2018,"17,800","3,580,501","582,305",973,20,2,,,,,,,,
HumpinHannah,Couple,49,Taken,157,68,2020,2/17/2020,"20,400","10,505,038","1,100,705",978,53,,,,,,,,,
black swan,Couple,25,Taken,,,2018,2/17/2018,"17,500","253,013","61,593",993,45,,,,,,,,,
Pornika Bhabhi,Female,23,Taken,160,33,2020,5/17/2020,"7,200","1,887,249","370,526",1023,143,3,,,,,,,,
Tattoed girl,Female,24,Taken,172,,2019,2/17/2019,"8,200","226,227","411,628",986,16,7,,,,,,,,
Daddys Little Emily,Couple,22,Taken,170,55,2019,2/17/2019,"12,800","1,684,866","435,731",988,22,2,,,,,,,,
AnaFilatova,Couple,26,Taken,,,2020,7/17/2020,"14,900","3,170,888","490,618",985,68,13,,,,,,,,
Nicky bella,Couple,24,Taken,162,52,2020,2/17/2020,"9,900","1,324,145","254,541",974,35,4,,,,,,,,
UnicPorn Couple,Couple,28,Taken,,,2020,7/17/2020,"17,300","4,124,387","550,311",1029,76,3,,,,,,,,
Cock Hero,Couple,27,Single,175,75,2019,2/17/2019,"4,500","129,114","248,237",,12,2,,,,,,,,
Dawn Willow,Female,23,Single,162,57,2016,2/17/2016,"21,100","3,176,640","486,484",1014,15,1,,,,,,,,
lululeo,Male,27,Taken,,,2019,2/17/2019,"22,000","14,018,686","1,267,597",966,13,,,,,,,,,
Valeria Curtis,Female,32,Single,,,2019,2/17/2019,"4,300","1,657,271","195,985",942,31,6,,,,,,,,
Tia Bell,Female,28,Single,165,56,2014,2/17/2014,"35,000","26,862,034","975,192",989,100,2,,,,,,,,
Supercumdome,Female,22,Single,177,,2020,2/17/2020,"14,900","2,967,343","606,975",1000,69,3,,,,,,,,
Anna Bali,Female,20,Open,170,48,2020,8/17/2020,"10,000","1,253,783","213,583",1039,22,1,,,,,,,,
AlaricMoon,Male,99,Single,,,2020,2/17/2020,"2,200","1,341,314","207,101",1006,45,,,,,,,,,
Emy Lee,Trans Woman,27,Single,175,54,2019,2/17/2019,"24,500","4,848,782","1,022,121",1017,17,1,,,,,,,,
ginamonelli,Female,37,Open,170,50,2013,2/17/2013,"30,900","45,192,245","2,089,041",995,112,13,,,,,,,,
Montsita,Female,42,Taken,167,59,2016,2/17/2016,"48,400","39,954,491","884,694",1063,81,19,,,,,,,,
Ryan Rose,Couple,20,Taken,,,2020,2/17/2020,"8,000","2,054,654","307,101",1025,20,,,,,,,,,
wtbae,Female,25,Open,160,43,2020,9/17/2020,"8,000","865,397","253,512",996,19,6,,,,,,,,
koketochka555,Female,26,Single,,,2020,2/17/2020,"9,100","5,559,715","309,572",1021,15,,,,,,,,,
Kira Loster,Female,20,Open,167,47,2020,5/17/2020,"22,600","14,900,555","425,347",1027,45,14,,,,,,,,
Young Goddess Kim,Female,25,Open,167,,2020,2/17/2020,"6,500","1,539,199","280,090",957,118,105,,,,,,,,
Alex Cum,Male,30,Single,180,,2018,2/17/2018,"6,900","6,017,186","388,626",1024,209,,,,,,,,,
NymphoLatina,Couple,22,Single,,,2020,2/17/2020,"14,100","5,126,523","645,301",1008,71,1,,,,,,,,
Lisa Sack,Female,20,Single,175,,2020,4/17/2020,"4,800","1,018,577","226,201",1011,22,1,,,,,,,,
Natus Amare,Female,27,Taken,,,2020,2/17/2020,"11,100","1,823,055","342,084",976,48,31,,,,,,,,
daddiespussy96,Female,27,Single,,,2019,2/17/2019,"16,200","2,860,525","396,533",1040,37,45,,,,,,,,
Dunta Amazin,Male,29,Single,,,2020,2/17/2020,"17,000","13,313,591","1,200,888",1033,25,4,,,,,,,,
Jordyn Fox,Male,44,Single,170,57,2017,2/17/2017,"21,800","20,371,202","1,376,950",994,107,,,,,,,,,
No Face Bae,Female,27,Single,149,,2020,2/17/2020,"13,900","2,176,376","486,544",1031,83,15,,,,,,,,
Bunz4ever,Female,32,Single,160,,2019,2/17/2019,293,"9,362","25,275",1026,1,,,,,,,,,
kott666,Couple,20,Taken,,,2019,2/17/2019,"11,800","9,954,251","679,249",1010,34,2,,,,,,,,
Johnny From Florida,Male,21,Single,182,79,2019,2/17/2019,"2,600","607,037","82,946",992,24,,,,,,,,,
Ahasvindi,Couple,21,Single,,,2020,2/17/2020,"9,500","11,784,828","849,954",1015,157,1,,,,,,,,
Leon Green,Male,24,Single,195,82,2017,2/17/2017,"18,600","4,065,804","875,914",1030,5,1,,,,,,,,
JoshandLeena,Couple,22,Taken,170,54,2020,2/17/2020,"16,000","5,584,228","894,987",991,70,15,,,,,,,,
Isla Cox,Female,23,Taken,,,2020,4/17/2020,"5,400","869,929","227,509",938,21,24,,,,,,,,
Rosemarieloves,Female,27,Taken,144,,2018,2/17/2018,"9,600","7,477,131","612,852",1035,109,116,,,,,,,,
Bunny_Marthy,Female,21,Taken,165,46,2019,2/17/2019,"32,700","5,992,452","2,026,956",1052,18,,,,,,,,,
LifeKife,Couple,27,Taken,,,2020,2/17/2020,"7,300","4,341,241","428,253",1009,98,41,,,,,,,,
Miss Moonified,Female,22,Taken,,,2020,2/17/2020,"3,900","921,567","256,355",965,29,,,,,,,,,
danilisboa,Female,25,Single,,,2020,5/17/2020,"11,900","1,321,681","438,572",1034,25,11,,,,,,,,
Lexxxy sexxxy,Couple,25,Taken,,,2020,5/17/2020,"12,400","2,445,505","454,958",1055,9,1,,,,,,,,
BlowFessionals,Male,37,Single,,,2018,2/17/2018,"7,900","3,611,818","341,574",977,42,19,,,,,,,,
TuberTots,Couple,28,Taken,160,61,2020,7/17/2020,"6,800","1,445,508","214,150",1036,53,3,,,,,,,,
Lingling creampie,Female,23,Open,160,63,2020,11/17/2020,"10,600","1,872,520","288,137",913,59,,,,,,,,,
Soulless6969,Couple,33,Taken,,,2020,7/17/2020,"17,000","5,344,175","710,699",1091,11,,,,,,,,,
Dolly Kelly,Female,18,Open,149,48,2020,2/17/2020,"4,200","1,868,097","578,995",1069,21,3,,,,,,,,
Cocksmithcmr,Male,30,Single,182,80,2020,4/17/2020,"9,300","991,205","124,538",1060,79,30,,,,,,,,
monkeybee69,Couple,20,Single,167,,2020,4/17/2020,"6,500","2,364,746","365,715",1005,68,3,,,,,,,,
Luna Oliveira,Female,28,Single,,,,7/17/2020,"1,300","346,051","73,847",1067,7,8,,,,,,,,
